"year","HEXcell","code","obsDays","abundance","tenth","tenth_lowCI","tenth_highCI","fiftieth","fiftieth_lowCI","fiftieth_highCI","fiftieth_CI_days","tenth_CI_days"
2018,507,"RE",25,54,159.5,157.5,163,183,183,183.5,0.5,5.5
2019,507,"RE",38,65,166.5,164.5,169.5,188,188,188.5,0.5,5
2020,507,"RE",41,94,152.5,151.5,155.5,180,179.5,181,1.5,4
2014,507,"RL",25,120,161.5,160,164.5,192,191,192.5,1.5,4.5
2017,507,"RL",37,58,149,147,153,191,189,192,3,6
2018,507,"RL",63,288,154.5,153,156.5,188.5,188,189,1,3.5
2019,507,"RL",83,317,149,145,154,195,194,196.5,2.5,9
2020,507,"RL",89,480,146,144,147.5,185,184.5,185.5,1,3.5
2018,507,"RP",49,95,133,131,135,178,176.5,179,2.5,4
2019,507,"RP",55,96,142.5,140.5,144.5,185,184,186,2,4
2020,507,"RP",78,164,132.5,130.5,134.5,178,177.5,178.5,1,4
2017,534,"RE",28,59,134,139,152.5,176,172.5,177,4.5,13.5
2018,534,"RE",33,117,132.5,133,133.5,176.5,174.5,177.5,3,0.5
2020,534,"RE",44,99,130.5,130.5,132,178,175.5,179,3.5,1.5
2017,534,"RL",75,332,125.5,125,126,184.5,183.5,185,1.5,1
2018,534,"RL",81,705,134.5,134.5,135,184.5,184,185,1,0.5
2019,534,"RL",99,240,152,150,154,207,206.5,207.5,1,4
2020,534,"RL",122,716,141.5,140.5,142.5,193,192.5,193.5,1,2
2017,534,"RP",57,172,112,110.5,114.5,175.5,174.5,176.5,2,4
2018,534,"RP",65,212,139,138,141,185.5,185,186,1,3
2019,534,"RP",67,111,151.5,147,163.5,206.5,204.5,209,4.5,16.5
2020,534,"RP",115,395,146.5,144.5,149,196.5,196.5,197,0.5,4.5
2014,535,"RL",11,81,157.5,155,161.5,188,188,188,0,6.5
2017,535,"RL",26,52,137.5,136.5,140.5,192.5,189.5,193.5,4,4
2018,535,"RL",42,108,143,141.5,146,182.5,181,183,2,4.5
2019,535,"RL",59,105,154,153,155.5,204,202,204.5,2.5,2.5
2020,535,"RL",75,192,147.5,147,148.5,190.5,190,191,1,1.5
2020,535,"RP",39,72,127.5,124,130.5,174.5,173,175,2,6.5
2018,536,"RL",31,62,157,154.5,160.5,192,191.5,193,1.5,6
2019,536,"RL",29,51,152.5,151.5,153.5,187.5,185,188,3,2
2020,562,"RE",52,82,131.5,131.5,136,182.5,179.5,184.5,5,4.5
2012,562,"RL",34,70,120,118.5,123,174,173,175,2,4.5
2014,562,"RL",22,138,127,127.5,127,170.5,168.5,171,2.5,-0.5
2015,562,"RL",47,174,124,123.5,125.5,182,180,182.5,2.5,2
2016,562,"RL",41,115,133.5,131,136.5,194,193.5,195,1.5,5.5
2017,562,"RL",69,246,127.5,125,130,195,194.5,195.5,1,5
2018,562,"RL",62,395,134.5,132.5,136,187,186.5,187.5,1,3.5
2019,562,"RL",83,215,153.5,151.5,156,205,204,205.5,1.5,4.5
2020,562,"RL",121,498,141,140,142.5,195,194.5,195.5,1,2.5
2016,562,"RP",36,66,115.5,110,123,180,179,180.5,1.5,13
2017,562,"RP",47,141,125,121.5,129.5,190,189.5,191,1.5,8
2018,562,"RP",56,188,132.5,129.5,136,186,186,186.5,0.5,6.5
2019,562,"RP",56,77,157,153.5,162.5,205.5,205,206.5,1.5,9
2020,562,"RP",99,245,145,142.5,147.5,197.5,196.5,198,1.5,5
2018,563,"RE",25,57,159.5,156.5,164.5,189,189,189.5,0.5,8
2019,563,"RE",35,56,162.5,159,168,197,197,197.5,0.5,9
2020,563,"RE",30,58,179,174.5,184.5,200,200.5,200.5,0,10
2013,563,"RL",14,60,160,161,159.5,183,181,183.5,2.5,-1.5
2014,563,"RL",15,219,145,142,155,178,176,179.5,3.5,13
2015,563,"RL",13,779,154.5,153,159,182.5,182,183.5,1.5,6
2016,563,"RL",22,100,128.5,128,130.5,188,184.5,189.5,5,2.5
2017,563,"RL",44,93,142,139,145.5,184.5,184.5,185,0.5,6.5
2018,563,"RL",67,356,159.5,158,161.5,199.5,199.5,200,0.5,3.5
2019,563,"RL",73,155,153,151.5,156.5,200,198.5,201,2.5,5
2020,563,"RL",48,79,159,157,162,198,197,198.5,1.5,5
2015,563,"RP",15,106,128.5,125.5,132,191,190.5,191.5,1,6.5
2018,563,"RP",40,178,148.5,143.5,154.5,197,197.5,197.5,0,11
2019,563,"RP",41,61,144.5,141,151.5,195,194,196.5,2.5,10.5
2018,564,"RE",29,54,160.5,159,162.5,195.5,194.5,196,1.5,3.5
2020,564,"RE",35,53,155,153,158.5,185.5,184.5,186,1.5,5.5
2015,564,"RL",68,181,147,146.5,148,190.5,190,191.5,1.5,1.5
2016,564,"RL",61,145,144,142.5,146.5,187.5,186.5,188,1.5,4
2017,564,"RL",80,368,140,140,140.5,188,187.5,189,1.5,0.5
2018,564,"RL",96,560,135,135,135.5,174.5,174,175,1,0.5
2019,564,"RL",90,181,163.5,161.5,165,200.5,200,201,1,3.5
2020,564,"RL",91,257,151.5,150.5,153,192,191.5,192.5,1,2.5
2016,564,"RP",30,56,131,126.5,137,180.5,180,181.5,1.5,10.5
2017,564,"RP",33,61,113,112,114.5,170.5,168,171.5,3.5,2.5
2018,564,"RP",49,179,128,127,129.5,170.5,170,171.5,1.5,2.5
2019,564,"RP",38,56,127,125,130.5,170.5,169,171,2,5.5
2020,564,"RP",55,96,132,130.5,135,173,172,174,2,4.5
2018,565,"RE",34,51,156.5,153.5,160,191.5,191,192,1,6.5
2019,565,"RE",37,62,168.5,166,172.5,198,198,198.5,0.5,6.5
2020,565,"RE",42,87,152,151,153,188,186.5,188.5,2,2
2017,565,"RL",45,57,160,156,165,205,204,205.5,1.5,9
2018,565,"RL",74,203,150.5,149.5,152,192,191,192.5,1.5,2.5
2019,565,"RL",93,314,160,159,161,200.5,200,201,1,2
2020,565,"RL",101,562,150.5,149.5,151.5,194.5,194,195,1,2
2018,565,"RP",36,73,126,126,134,175,170.5,177,6.5,8
2019,565,"RP",49,130,137.5,136,144,177,175,178.5,3.5,8
2020,565,"RP",75,234,134,133,135.5,175.5,174.5,176,1.5,2.5
2019,566,"RE",32,67,158.5,158,160.5,188.5,187,189,2,2.5
2020,566,"RE",45,128,151.5,150.5,153,176,175.5,176.5,1,2.5
2007,566,"RL",39,57,146.5,143,151.5,192.5,192,193,1,8.5
2011,566,"RL",37,68,145.5,142.5,150,195,194.5,196,1.5,7.5
2012,566,"RL",109,486,133.5,132.5,135,187,186.5,187.5,1,2.5
2013,566,"RL",103,463,143.5,142.5,145,195,194.5,195.5,1,2.5
2014,566,"RL",109,263,149.5,148,151.5,199,199,199.5,0.5,3.5
2015,566,"RL",121,282,142,140.5,144.5,192.5,192.5,193.5,1,4
2016,566,"RL",122,344,134,133,135,187,186.5,187.5,1,2
2017,566,"RL",99,163,139,137.5,141,195,194.5,196,1.5,3.5
2018,566,"RL",130,281,145.5,144.5,147,196,195.5,196.5,1,2.5
2019,566,"RL",151,625,156.5,155.5,157.5,205,205,205.5,0.5,2
2020,566,"RL",142,971,144,143.5,145,188,188,188.5,0.5,1.5
2012,566,"RP",92,259,122,119.5,125,176.5,175.5,176.5,1,5.5
2013,566,"RP",67,141,126,123.5,130,181,179.5,181.5,2,6.5
2014,566,"RP",81,129,137.5,134,142.5,185.5,185.5,186,0.5,8.5
2015,566,"RP",96,134,123,120.5,126.5,177.5,176.5,178.5,2,6
2016,566,"RP",84,151,113,111.5,115.5,170.5,169.5,172,2.5,4
2017,566,"RP",60,92,115,112.5,118.5,172.5,171.5,173.5,2,6
2018,566,"RP",83,124,129.5,125.5,134.5,187,186.5,187.5,1,9
2019,566,"RP",116,269,144,141.5,147.5,199.5,198.5,200.5,2,6
2020,566,"RP",120,466,130,129,131,177.5,177,178,1,2
2002,567,"RE",11,78,189,185,195.5,217.5,218,218,0,10.5
2015,567,"RE",37,58,140.5,139.5,143,183.5,181.5,184.5,3,3.5
2017,567,"RE",32,63,141.5,142.5,144,184,181,185,4,1.5
2019,567,"RE",39,79,154,154.5,159.5,185.5,183,186.5,3.5,5
2020,567,"RE",56,154,149,148.5,150,180,179,180.5,1.5,1.5
2002,567,"RL",16,727,177,175,179.5,212.5,212.5,212.5,0,4.5
2005,567,"RL",27,80,141.5,139,144.5,206.5,205,208,3,5.5
2008,567,"RL",32,59,129.5,128.5,132,181,179.5,182,2.5,3.5
2011,567,"RL",42,64,151,148,156,208,205.5,209,3.5,8
2012,567,"RL",55,89,142,138.5,146.5,198.5,198,199.5,1.5,8
2013,567,"RL",131,354,145.5,143.5,148,201.5,201,201.5,0.5,4.5
2014,567,"RL",147,362,150.5,149,153,203,202.5,203.5,1,4
2015,567,"RL",143,418,138,136.5,139,193.5,192.5,194,1.5,2.5
2016,567,"RL",172,495,140.5,139.5,142,197.5,197,198.5,1.5,2.5
2017,567,"RL",165,599,144.5,143.5,145.5,201,200,201.5,1.5,2
2018,567,"RL",178,652,148,147,149.5,201,200.5,201.5,1,2.5
2019,567,"RL",173,738,158,157,159,211,210.5,211.5,1,2
2020,567,"RL",169,1386,147.5,147,148,201.5,201.5,201.5,0,1
2002,567,"RP",14,143,143.5,142.5,144.5,187,186,187,1,2
2012,567,"RP",39,78,138,132.5,147.5,194.5,194,196,2,15
2013,567,"RP",84,204,154,151,157,203.5,203,204,1,6
2014,567,"RP",107,207,138.5,136,141,191.5,191,192.5,1.5,5
2015,567,"RP",113,250,137.5,135.5,140,190.5,190.5,191.5,1,4.5
2016,567,"RP",138,279,135.5,134,138,192,191.5,192.5,1,4
2017,567,"RP",120,314,133,131,135.5,188.5,187.5,189,1.5,4.5
2018,567,"RP",159,349,138.5,136,141,193,192.5,193,0.5,5
2019,567,"RP",144,376,140.5,138.5,143,198,197,198.5,1.5,4.5
2020,567,"RP",155,575,129.5,128.5,130.5,185.5,185,186,1,2
2013,568,"RL",33,76,147,145.5,151,186.5,185.5,187.5,2,5.5
2014,568,"RL",29,109,155.5,154.5,157.5,198,197,199,2,3
2015,568,"RL",34,57,154.5,151.5,159.5,208,206.5,209,2.5,8
2016,568,"RL",51,282,146,145,147,186,185,186.5,1.5,2
2017,568,"RL",65,120,143,138,146.5,201.5,200,201.5,1.5,8.5
2018,568,"RL",73,118,156,153,160.5,200,199.5,201,1.5,7.5
2019,568,"RL",86,197,168,166,170.5,215,214,215,1,4.5
2020,568,"RL",96,321,156.5,154.5,158,199,198,199,1,3.5
2016,568,"RP",24,84,142,140.5,146,180,178,181,3,5.5
2019,568,"RP",58,96,149.5,147,152,202.5,201.5,203.5,2,5
2020,568,"RP",88,157,142,136.5,146.5,193,192,193,1,10
2015,589,"RL",50,50,167,159.5,176.5,224,223,225,2,17
2016,589,"RL",63,76,166,160,173.5,220,219.5,221.5,2,13.5
2017,589,"RL",63,123,130,126.5,135.5,190,189.5,191,1.5,9
2018,589,"RL",68,111,152,146.5,158.5,210,210,210.5,0.5,12
2019,589,"RL",103,133,172,170,175,221.5,220.5,222.5,2,5
2020,589,"RL",99,147,151.5,148,156,211.5,211,212,1,8
2017,589,"RP",62,109,124.5,120,130.5,183,183,184,1,10.5
2018,589,"RP",66,108,158.5,153,164.5,214.5,214,214.5,0.5,11.5
2019,589,"RP",67,92,163,156.5,173,221.5,219.5,223,3.5,16.5
2020,589,"RP",99,152,148,143.5,153.5,203,202.5,203.5,1,10
2020,590,"RE",37,74,161,159.5,163,183.5,183.5,184,0.5,3.5
2002,590,"RL",10,65,202,197,208,217,217.5,217.5,0,11
2006,590,"RL",12,190,134,134.5,135,196.5,194,197.5,3.5,0.5
2015,590,"RL",29,64,181.5,177,186.5,234.5,233.5,235.5,2,9.5
2016,590,"RL",76,142,155,153.5,158,212,210,213,3,4.5
2017,590,"RL",75,151,138,136,141,195,194,196,2,5
2018,590,"RL",95,291,162.5,160.5,165,211,210.5,211,0.5,4.5
2019,590,"RL",119,428,163.5,161.5,165.5,214,213.5,214,0.5,4
2020,590,"RL",130,678,149,148,150.5,198,197.5,198,0.5,2.5
2006,590,"RP",13,239,127,127,127.5,205.5,204,206,2,0.5
2008,590,"RP",13,126,133,133.5,145,165,163,166.5,3.5,11.5
2016,590,"RP",72,102,147,141.5,152.5,203,202.5,203.5,1,11
2017,590,"RP",97,132,125.5,123,130,189,188,190,2,7
2018,590,"RP",97,195,160,156.5,164,211,210.5,211.5,1,7.5
2019,590,"RP",119,328,161,158.5,164,214,214,214.5,0.5,5.5
2020,590,"RP",141,604,150.5,149,152,200,200,200.5,0.5,3
2018,591,"RE",34,65,144,144,146.5,189,186.5,190.5,4,2.5
2020,591,"RE",35,59,146.5,146.5,147,199,195.5,200,4.5,0.5
2002,591,"RL",11,243,200,199,200.5,218,217.5,218,0.5,1.5
2003,591,"RL",21,282,155.5,154,157,190.5,190.5,190.5,0,3
2014,591,"RL",39,52,142,140.5,143.5,191,188,191,3,3
2015,591,"RL",36,73,126,123.5,129,196.5,194.5,197,2.5,5.5
2016,591,"RL",50,87,159,153.5,167,213.5,213.5,214.5,1,13.5
2017,591,"RL",84,204,143,141,146,201,200.5,201.5,1,5
2018,591,"RL",127,355,149,147.5,150.5,199.5,199,200,1,3
2019,591,"RL",95,179,158,155.5,160.5,211.5,210.5,212,1.5,5
2020,591,"RL",107,367,152,151,153.5,203,202.5,203.5,1,2.5
2002,591,"RP",12,111,202.5,202,203,223,222.5,223.5,1,1
2003,591,"RP",17,147,154,152,156.5,190,189.5,190,0.5,4.5
2016,591,"RP",40,62,161,152.5,169.5,211.5,211,211.5,0.5,17
2017,591,"RP",83,134,143.5,137.5,148.5,203.5,202.5,203.5,1,11
2018,591,"RP",121,249,149,146,152,197.5,197,197.5,0.5,6
2019,591,"RP",83,154,175.5,170,181,219,218.5,219.5,1,11
2020,591,"RP",119,255,154.5,152.5,157.5,206.5,206.5,207,0.5,5
2017,592,"RE",37,66,154.5,152,159,199,198,199.5,1.5,7
2018,592,"RE",47,92,145.5,144.5,147.5,198.5,197,199.5,2.5,3
2019,592,"RE",52,81,161.5,159,165,200,199.5,200.5,1,6
2020,592,"RE",67,143,151.5,150.5,153,196.5,195.5,197,1.5,2.5
2005,592,"RL",13,596,158,157.5,159,180.5,180.5,180.5,0,1.5
2012,592,"RL",96,269,153.5,150.5,157.5,208,208,208.5,0.5,7
2013,592,"RL",95,294,148,147,149.5,198,197.5,198.5,1,2.5
2014,592,"RL",91,221,156.5,154.5,159,203.5,203.5,204,0.5,4.5
2015,592,"RL",110,252,140,138.5,142,195.5,195,196,1,3.5
2016,592,"RL",121,270,155,153,157.5,212.5,212,213,1,4.5
2017,592,"RL",133,954,141,140,142,198,198,198.5,0.5,2
2018,592,"RL",151,779,139,138.5,140,196.5,196,196.5,0.5,1.5
2019,592,"RL",133,421,157.5,156,159,208.5,208,209,1,3
2020,592,"RL",166,715,153.5,152.5,154.5,203.5,203,203.5,0.5,2
2005,592,"RP",13,117,146.5,144.5,150,177.5,177.5,178,0.5,5.5
2012,592,"RP",50,113,148,141.5,154,190.5,190.5,190.5,0,12.5
2013,592,"RP",56,106,154.5,151.5,159,198,197,199,2,7.5
2014,592,"RP",91,196,157,154.5,160,205.5,205,206.5,1.5,5.5
2015,592,"RP",105,257,145.5,142.5,148.5,207,206.5,207,0.5,6
2016,592,"RP",61,148,135,132,138.5,200.5,200,201.5,1.5,6.5
2017,592,"RP",128,471,133.5,132,136,191,190.5,191.5,1,4
2018,592,"RP",128,448,139,138,141,194.5,194,195,1,3
2019,592,"RP",108,218,146,142.5,149,200,199.5,200,0.5,6.5
2020,592,"RP",146,366,145.5,143,148,197,197,197.5,0.5,5
2012,593,"RE",30,55,138.5,137,142.5,182.5,180.5,184,3.5,5.5
2013,593,"RE",36,68,148,148,153.5,185.5,182.5,186,3.5,5.5
2014,593,"RE",57,84,151.5,151,154.5,193.5,191.5,194.5,3,3.5
2015,593,"RE",61,121,151.5,150.5,153.5,188.5,187.5,189,1.5,3
2016,593,"RE",67,132,141.5,140.5,143.5,191,188.5,192,3.5,3
2017,593,"RE",70,180,143.5,143,144.5,184,183,185,2,1.5
2018,593,"RE",97,340,139.5,139,141,180.5,179.5,181,1.5,2
2019,593,"RE",89,416,152.5,151.5,154.5,190,189,190.5,1.5,3
2020,593,"RE",89,583,151,150,152,180.5,180,180.5,0.5,2
2010,593,"RL",52,94,129,127,131,183,181.5,183,1.5,4
2011,593,"RL",73,135,139.5,137.5,141.5,200.5,199.5,201.5,2,4
2012,593,"RL",179,686,134.5,134,136,189.5,189.5,190,0.5,2
2013,593,"RL",186,750,145,144,146,197,196.5,197,0.5,2
2014,593,"RL",198,842,147.5,146.5,148.5,198,198,198.5,0.5,2
2015,593,"RL",215,1022,138,137,139,195,194.5,195.5,1,2
2016,593,"RL",258,1207,145.5,144.5,146.5,205,204.5,205,0.5,2
2017,593,"RL",278,2283,145.5,144.5,146,202,201.5,202,0.5,1.5
2018,593,"RL",273,3257,143.5,143,144.5,200,199.5,200,0.5,1.5
2019,593,"RL",258,3498,156.5,156,157,207,206.5,207,0.5,1
2020,593,"RL",214,4476,144,144,144.5,193.5,193,193.5,0.5,0.5
2012,593,"RP",146,382,124,122,126.5,182.5,181.5,183.5,2,4.5
2013,593,"RP",116,275,138.5,135.5,141.5,188.5,188,189.5,1.5,6
2014,593,"RP",161,416,137,135.5,138.5,192,191.5,193,1.5,3
2015,593,"RP",165,540,136.5,135,138,187,186.5,187,0.5,3
2016,593,"RP",201,588,138.5,137,140,192.5,192,193,1,3
2017,593,"RP",233,1039,135.5,134.5,136.5,190,189.5,190.5,1,2
2018,593,"RP",242,1489,136,135,137,191.5,191.5,192,0.5,2
2019,593,"RP",251,1763,150.5,149,152,202.5,202,202.5,0.5,3
2020,593,"RP",215,2335,137.5,137,138,188.5,188,188.5,0.5,1
2014,594,"RE",23,73,166.5,164,170.5,187.5,187,188,1,6.5
2018,594,"RE",42,59,154,153,157,182,180.5,182.5,2,4
2019,594,"RE",49,97,141.5,141,143,189,187,190.5,3.5,2
2020,594,"RE",59,288,153,152,154,178.5,178,178.5,0.5,2
2005,594,"RL",30,56,154.5,152,158,186.5,185.5,187,1.5,6
2008,594,"RL",27,72,127,127.5,131,167.5,164.5,168.5,4,3.5
2012,594,"RL",93,216,124,121.5,127,174.5,173,176,3,5.5
2013,594,"RL",98,179,146,144,148.5,202,201.5,203,1.5,4.5
2014,594,"RL",113,296,139,137.5,141,193,192,193.5,1.5,3.5
2015,594,"RL",115,367,131.5,130.5,133.5,190,189,190.5,1.5,3
2016,594,"RL",137,314,137.5,135.5,139,195.5,194.5,195.5,1,3.5
2017,594,"RL",168,391,142.5,140.5,144,205.5,204.5,205.5,1,3.5
2018,594,"RL",176,473,146,144.5,147,200.5,200.5,201,0.5,2.5
2019,594,"RL",177,732,154,152.5,155.5,204.5,204,204.5,0.5,3
2020,594,"RL",163,1845,146,145.5,146.5,193.5,193.5,193.5,0,1
2008,594,"RP",19,50,116.5,116,120.5,159,155.5,160,4.5,4.5
2012,594,"RP",74,150,114,112,116,162,161.5,162.5,1,4
2013,594,"RP",59,93,146.5,141,152.5,205.5,204.5,206,1.5,11.5
2014,594,"RP",99,198,135,132.5,138,194,193.5,194.5,1,5.5
2015,594,"RP",89,223,126.5,124.5,129.5,181.5,180.5,182.5,2,5
2016,594,"RP",88,169,131,129,134.5,187,186.5,188,1.5,5.5
2017,594,"RP",124,273,132,129.5,134.5,192,191.5,192.5,1,5
2018,594,"RP",131,309,133,131,136,186.5,186,187,1,5
2019,594,"RP",151,390,148,145.5,151,202.5,202,202.5,0.5,5.5
2020,594,"RP",149,782,137,135.5,139,186.5,186,187,1,3.5
2003,595,"RE",11,6499,176,175.5,176.5,187,187,187,0,1
2013,595,"RE",38,61,150,148.5,153,197,196,198.5,2.5,4.5
2014,595,"RE",41,82,148.5,148,151.5,187,185.5,188,2.5,3.5
2015,595,"RE",31,94,156,154,163.5,181,180,182,2,9.5
2016,595,"RE",30,66,156.5,155,158.5,180,179.5,180.5,1,3.5
2017,595,"RE",40,110,155.5,155.5,161.5,186.5,184.5,187.5,3,6
2018,595,"RE",35,88,146,146.5,152.5,177,175,178,3,6
2019,595,"RE",44,90,151.5,151,158.5,190,188,192,4,7.5
2020,595,"RE",68,189,147.5,146,148.5,186.5,186,187,1,2.5
2002,595,"RL",26,777,135,133.5,136,196,195.5,196.5,1,2.5
2003,595,"RL",41,622,138,137,139.5,180,179.5,180.5,1,2.5
2008,595,"RL",32,65,150.5,147,154.5,202,201,202.5,1.5,7.5
2010,595,"RL",33,60,155.5,149,162.5,203,202.5,203,0.5,13.5
2011,595,"RL",56,100,164,160,169.5,209.5,207.5,211,3.5,9.5
2012,595,"RL",50,50,142,135.5,151.5,203.5,202.5,205,2.5,16
2013,595,"RL",180,604,152.5,151,154,203,202.5,203,0.5,3
2014,595,"RL",204,797,144,143,144.5,195,195,195.5,0.5,1.5
2015,595,"RL",175,553,137.5,136.5,138.5,191.5,191,192,1,2
2016,595,"RL",201,603,140.5,139.5,141.5,198.5,198,199,1,2
2017,595,"RL",208,1023,140,139.5,141,192.5,192,193,1,1.5
2018,595,"RL",203,843,148,147,149.5,202,201.5,202,0.5,2.5
2019,595,"RL",231,1059,159,157.5,160.5,214,213.5,214,0.5,3
2020,595,"RL",211,1847,147,146,147.5,199,199,199,0,1.5
2002,595,"RP",21,228,109,106.5,112.5,178.5,178,179,1,6
2003,595,"RP",36,523,118,116.5,119.5,170.5,170,171,1,3
2012,595,"RP",37,57,127,120.5,136.5,188,187.5,189,1.5,16
2013,595,"RP",140,329,147,144,150.5,199,198.5,199.5,1,6.5
2014,595,"RP",167,575,135.5,134,137,189.5,189,190,1,3
2015,595,"RP",134,332,130.5,129,132,184,183.5,184.5,1,3
2016,595,"RP",174,460,115.5,113.5,118,179,179,179.5,0.5,4.5
2017,595,"RP",217,759,119.5,118,121.5,179,178.5,179.5,1,3.5
2018,595,"RP",189,534,130.5,128.5,132.5,192,192,192.5,0.5,4
2019,595,"RP",191,620,146,144,148,205,204.5,205.5,1,4
2020,595,"RP",212,1161,129,127,131,187,187,187.5,0.5,4
2017,616,"RL",38,84,143.5,140.5,148,207,206,207.5,1.5,7.5
2018,616,"RL",54,135,145.5,139,152,212,211.5,212.5,1,13
2019,616,"RL",96,200,183,178,188,233.5,233.5,234,0.5,10
2020,616,"RL",105,191,146.5,143,150.5,206,206,206.5,0.5,7.5
2017,616,"RP",21,60,135,133,138,198.5,197,200,3,5
2018,616,"RP",38,65,150.5,143,159.5,214,213.5,214.5,1,16.5
2019,616,"RP",93,132,156,149,164.5,219,219.5,220,0.5,15.5
2020,616,"RP",108,163,139,133.5,145,198.5,198,198.5,0.5,11.5
2002,617,"RL",17,1151,155,152,158.5,225.5,225.5,225.5,0,6.5
2003,617,"RL",17,826,130.5,128.5,133,200,200,200.5,0.5,4.5
2004,617,"RL",14,588,129.5,127.5,131.5,190.5,190.5,190.5,0,4
2005,617,"RL",12,629,143.5,141,146,212.5,212,212.5,0.5,5
2006,617,"RL",15,302,166,163,169.5,215.5,215.5,215.5,0,6.5
2007,617,"RL",15,599,151.5,149,154,205,204.5,205,0.5,5
2014,617,"RL",24,82,118,114,124,177,176.5,177.5,1,10
2015,617,"RL",36,61,137,133,142,195.5,194,196,2,9
2016,617,"RL",75,127,132,127,138.5,201,201.5,202.5,1,11.5
2017,617,"RL",76,148,119,114.5,125.5,188.5,188.5,189.5,1,11
2018,617,"RL",77,386,138,135.5,141.5,196.5,196.5,197,0.5,6
2019,617,"RL",103,262,159.5,155.5,164,222.5,222,222.5,0.5,8.5
2020,617,"RL",127,316,146.5,143.5,149.5,207.5,207,207.5,0.5,6
2002,617,"RP",15,165,107,103,112.5,181,181,181.5,0.5,9.5
2003,617,"RP",18,182,99.5,95.5,104.5,172,172,173,1,9
2004,617,"RP",13,125,130,125.5,136,189,188.5,189.5,1,10.5
2005,617,"RP",12,242,129.5,125,134.5,200.5,200,201,1,9.5
2006,617,"RP",13,112,166,161,172,215,215,215,0,11
2007,617,"RP",18,206,111,105.5,118,172.5,172,172.5,0.5,12.5
2014,617,"RP",21,60,124.5,119,132.5,179.5,179,179.5,0.5,13.5
2016,617,"RP",51,71,130.5,122,139.5,200.5,199.5,201,1.5,17.5
2017,617,"RP",50,143,110,105,116.5,176.5,176.5,177,0.5,11.5
2018,617,"RP",58,204,140.5,136.5,145,202.5,202,203,1,8.5
2019,617,"RP",100,189,152,147.5,156,214.5,214,215,1,8.5
2020,617,"RP",145,344,130,126,134,194.5,194,194.5,0.5,8
2018,618,"RE",42,85,143.5,140.5,148,200,199,201.5,2.5,7.5
2019,618,"RE",49,131,154.5,151.5,158,214.5,214,215,1,6.5
2020,618,"RE",74,259,148.5,146,151,193,193,193.5,0.5,5
2008,618,"RL",52,1069,130,129.5,131,192.5,192,193,1,1.5
2013,618,"RL",62,80,169.5,164,176,219,218.5,219.5,1,12
2014,618,"RL",57,103,165.5,163,170.5,213,212,213.5,1.5,7.5
2015,618,"RL",69,171,152,148,156,207.5,207,208.5,1.5,8
2016,618,"RL",70,179,166.5,163,170.5,227.5,226,228,2,7.5
2017,618,"RL",88,255,162,159,165,216.5,216,217,1,6
2018,618,"RL",123,634,158,156,160,214,214,214,0,4
2019,618,"RL",153,1280,172.5,171,174.5,229,229,229.5,0.5,3.5
2020,618,"RL",171,2412,144.5,143.5,145.5,199,199,199,0,2
2008,618,"RP",66,1124,114,113,114.5,173.5,173,174,1,1.5
2013,618,"RP",59,90,167.5,163,174,222,221.5,222.5,1,11
2014,618,"RP",67,127,158,153.5,162,207,206.5,207.5,1,8.5
2015,618,"RP",47,104,151.5,147.5,156.5,205.5,205,206.5,1.5,9
2016,618,"RP",86,151,153.5,148.5,159,214,213.5,215,1.5,10.5
2017,618,"RP",104,236,146,141,151.5,208,207.5,208,0.5,10.5
2018,618,"RP",136,465,156,154,158.5,212,211.5,212.5,1,4.5
2019,618,"RP",165,1459,163.5,162.5,165,222,222,222,0,2.5
2020,618,"RP",184,1729,146,145,147.5,200.5,200.5,201,0.5,2.5
2016,619,"RE",27,61,153,149,159,213.5,212,214,2,10
2018,619,"RE",44,97,151.5,149,155,209,208,209.5,1.5,6
2019,619,"RE",51,85,160.5,156,165,218,217,218.5,1.5,9
2020,619,"RE",81,179,155,152,158,212,211.5,212.5,1,6
2012,619,"RL",113,270,168,163,172.5,218,217.5,218,0.5,9.5
2013,619,"RL",76,104,162,158.5,166,212,211,212.5,1.5,7.5
2014,619,"RL",64,144,152,148.5,156,204.5,204,205,1,7.5
2015,619,"RL",86,160,151,148.5,155,211,210.5,212,1.5,6.5
2016,619,"RL",103,314,155,152.5,158,218.5,217.5,218.5,1,5.5
2017,619,"RL",148,377,142.5,140,145,204,203.5,204.5,1,5
2018,619,"RL",154,554,156.5,154.5,158.5,212.5,212,213,1,4
2019,619,"RL",170,575,164.5,162.5,166.5,220.5,220,220.5,0.5,4
2020,619,"RL",161,1161,163,161.5,164.5,218.5,218,218.5,0.5,3
2005,619,"RP",18,186,176,174.5,182,207.5,206.5,208.5,2,7.5
2012,619,"RP",116,269,159.5,155.5,164.5,213,213,214,1,9
2013,619,"RP",103,196,163.5,160.5,166.5,210,209.5,211,1.5,6
2014,619,"RP",67,160,157.5,153.5,162,205,205,205.5,0.5,8.5
2015,619,"RP",72,107,150.5,147,155.5,207.5,206.5,208.5,2,8.5
2016,619,"RP",111,253,151.5,148,155,214,213,214,1,7
2017,619,"RP",139,319,140.5,138,144,195.5,195.5,196,0.5,6
2018,619,"RP",156,451,157.5,156,160,211.5,211,212,1,4
2019,619,"RP",190,557,163.5,162,166,217.5,217,217.5,0.5,4
2020,619,"RP",171,712,153.5,151.5,156,211.5,211.5,212,0.5,4.5
2012,620,"RE",34,57,130,127.5,133,188.5,186,189.5,3.5,5.5
2015,620,"RE",45,220,139,138.5,141,180,179,181,2,2.5
2016,620,"RE",45,71,147,143,152,205.5,204.5,206.5,2,9
2017,620,"RE",75,179,150,148,152.5,206,205,206.5,1.5,4.5
2018,620,"RE",78,178,139,137.5,140,200.5,199.5,201,1.5,2.5
2019,620,"RE",85,195,151.5,150,155,203.5,202.5,204.5,2,5
2020,620,"RE",97,397,150.5,149,152.5,198.5,198.5,199,0.5,3.5
2005,620,"RL",10,78,182.5,180.5,187.5,198.5,198.5,199.5,1,7
2006,620,"RL",11,137,164.5,165,172,192,190.5,193,2.5,7
2007,620,"RL",18,130,151.5,149,154,194,193,194,1,5
2009,620,"RL",28,80,123,123,123,172,169.5,172.5,3,0
2010,620,"RL",53,66,140,137,144,199,197,199.5,2.5,7
2011,620,"RL",41,81,154.5,150,159.5,207.5,206.5,207.5,1,9.5
2012,620,"RL",154,435,136.5,135,138,196.5,195.5,196.5,1,3
2013,620,"RL",109,254,155,152.5,157.5,208,208,209,1,5
2014,620,"RL",129,926,141.5,140.5,143,192.5,192,192.5,0.5,2.5
2015,620,"RL",160,1215,134.5,133.5,135.5,190,189.5,190,0.5,2
2016,620,"RL",209,644,145,143,147,209.5,209.5,210,0.5,4
2017,620,"RL",225,1518,146,144.5,147,207,207,207,0,2.5
2018,620,"RL",207,1896,146.5,145.5,147.5,207.5,207,207.5,0.5,2
2019,620,"RL",226,1584,154.5,153.5,156,211,210.5,211,0.5,2.5
2020,620,"RL",188,2809,154,153,154.5,206,205.5,206,0.5,1.5
2006,620,"RP",13,69,161,160.5,166,192,190,192.5,2.5,5.5
2007,620,"RP",13,81,157.5,154,163,200,200,201,1,9
2011,620,"RP",41,55,157,151,165,205,204.5,206,1.5,14
2012,620,"RP",131,320,137.5,135,140.5,194.5,194,195,1,5.5
2013,620,"RP",99,185,149.5,145,153.5,200,199.5,200,0.5,8.5
2014,620,"RP",110,434,141,139,143.5,194,193.5,194.5,1,4.5
2015,620,"RP",142,678,137,135.5,138.5,190.5,190,191,1,3
2016,620,"RP",175,442,140.5,138,143,202,201.5,202.5,1,5
2017,620,"RP",214,962,139,136.5,140.5,200.5,200,200.5,0.5,4
2018,620,"RP",203,1044,142,141,143.5,203.5,203,203.5,0.5,2.5
2019,620,"RP",228,981,146.5,145,148.5,206,206,206.5,0.5,3.5
2020,620,"RP",198,1525,150.5,149,151.5,203.5,203,203.5,0.5,2.5
2017,621,"RE",15,69,151.5,152.5,153,195,192,196,4,0.5
2018,621,"RE",26,73,145.5,144.5,147.5,189,187,190,3,3
2020,621,"RE",61,102,146.5,144,149,192.5,192,193.5,1.5,5
2014,621,"RL",41,117,136.5,134,139,181.5,181,182,1,5
2015,621,"RL",43,183,138.5,136,141.5,178,176.5,178.5,2,5.5
2016,621,"RL",39,146,155.5,153.5,159,224,223,225,2,5.5
2017,621,"RL",82,277,149,147,151.5,206,205,206.5,1.5,4.5
2018,621,"RL",105,389,157,155.5,159,209,208,209,1,3.5
2019,621,"RL",114,313,164,161.5,167,219.5,219,220,1,5.5
2020,621,"RL",134,785,152,150.5,153.5,203,202.5,203,0.5,3
2014,621,"RP",26,53,133,128,139,181.5,180.5,181.5,1,11
2015,621,"RP",26,111,141.5,138.5,144.5,178.5,177.5,178.5,1,6
2016,621,"RP",33,78,162,158,168,227.5,227,228.5,1.5,10
2017,621,"RP",64,173,129.5,125.5,133.5,189.5,188.5,189.5,1,8
2018,621,"RP",80,186,150.5,148,153.5,203,202,203.5,1.5,5.5
2019,621,"RP",112,227,155,151,159.5,214,213,215,2,8.5
2020,621,"RP",122,466,151.5,149,153.5,204.5,204,204.5,0.5,4.5
2002,622,"RE",18,120,167.5,165.5,169,179,179,179,0,3.5
2014,622,"RE",31,210,139.5,140,140,184,182.5,185,2.5,0
2015,622,"RE",39,1562,149.5,149,151,172.5,172,173,1,2
2016,622,"RE",59,271,141,140.5,141.5,182.5,181.5,183,1.5,1
2017,622,"RE",57,174,134,132,137,187.5,186.5,188.5,2,5
2018,622,"RE",68,194,150.5,148,154.5,201,201,201.5,0.5,6.5
2019,622,"RE",90,332,162.5,159,166,212.5,212.5,213,0.5,7
2020,622,"RE",96,564,147,145.5,149.5,197,197,197.5,0.5,4
2002,622,"RL",52,1539,128,127,128.5,174.5,174,174.5,0.5,1.5
2003,622,"RL",65,448,148.5,146.5,151.5,207.5,207,207.5,0.5,5
2004,622,"RL",28,458,126.5,125.5,127.5,190.5,189.5,190.5,1,2
2005,622,"RL",26,449,135.5,134.5,137.5,180,179,180.5,1.5,3
2006,622,"RL",45,176,167.5,163.5,171,220,219.5,220,0.5,7.5
2007,622,"RL",45,540,134.5,133.5,136.5,192.5,192.5,193,0.5,3
2008,622,"RL",37,220,112.5,111,114,180.5,179.5,181,1.5,3
2009,622,"RL",26,107,100,99,102.5,147,145,148,3,3.5
2011,622,"RL",36,59,151,148,157.5,203.5,200.5,205,4.5,9.5
2012,622,"RL",30,61,137.5,133.5,143.5,192,191,193,2,10
2013,622,"RL",58,114,153,149,159,205,205,206,1,10
2014,622,"RL",180,4886,143,142.5,144,206,206,206.5,0.5,1.5
2015,622,"RL",199,6458,136,135.5,136.5,197,197,197.5,0.5,1
2016,622,"RL",220,2189,137,135.5,138,209.5,209.5,210,0.5,2.5
2017,622,"RL",277,2859,134.5,134,135.5,202,201.5,202,0.5,1.5
2018,622,"RL",217,3331,148,147,148.5,200.5,200,200.5,0.5,1.5
2019,622,"RL",176,2646,160.5,159.5,162,216.5,216.5,216.5,0,2.5
2020,622,"RL",179,4828,146,145.5,146.5,199.5,199.5,199.5,0,1
2002,622,"RP",53,536,118.5,117,120.5,181.5,181,182,1,3.5
2003,622,"RP",78,396,127.5,123.5,131.5,197.5,197.5,197.5,0,8
2004,622,"RP",33,196,102.5,100.5,105.5,175.5,175,176,1,5
2005,622,"RP",26,224,123.5,121.5,126.5,176,174.5,176.5,2,5
2006,622,"RP",45,238,168.5,164.5,173,220.5,220,220.5,0.5,8.5
2007,622,"RP",53,358,122,119.5,124,185,184.5,185.5,1,4.5
2008,622,"RP",39,195,98,98,99,160,158,161,3,1
2009,622,"RP",22,120,91,92,92,137,135,138.5,3.5,0
2013,622,"RP",51,91,149,143,157,203.5,203.5,204.5,1,14
2014,622,"RP",187,2606,133.5,132.5,134.5,199.5,199,199.5,0.5,2
2015,622,"RP",212,3392,129.5,128.5,130.5,195,195,195,0,2
2016,622,"RP",226,1982,118,117,119.5,195,195,195.5,0.5,2.5
2017,622,"RP",311,2565,128.5,127.5,129.5,194.5,194.5,194.5,0,2
2018,622,"RP",232,1897,145,144,146.5,199.5,199,199.5,0.5,2.5
2019,622,"RP",205,1837,154.5,153,155.5,214,213.5,214,0.5,2.5
2020,622,"RP",206,2988,143,142,143.5,199,199,199,0,1.5
2017,644,"RL",77,121,121.5,115.5,128,191.5,190.5,192,1.5,12.5
2018,644,"RL",83,138,131.5,128,136,198,197,199,2,8
2019,644,"RL",110,253,143,139.5,146.5,208.5,208,209,1,7
2020,644,"RL",110,203,143.5,140,147.5,202.5,202,203,1,7.5
2017,644,"RP",52,89,122,115.5,132,185,185,186,1,16.5
2018,644,"RP",67,91,120.5,116,125.5,190.5,189.5,191.5,2,9.5
2019,644,"RP",104,184,123,119.5,127,193.5,192.5,194.5,2,7.5
2020,644,"RP",115,236,120,115.5,124.5,184.5,184.5,185.5,1,9
2002,645,"RL",24,707,126,123,129.5,205.5,205,205.5,0.5,6.5
2003,645,"RL",14,194,113,110,115.5,175,174,175,1,5.5
2007,645,"RL",13,235,103,98.5,109.5,181,181.5,181.5,0,11
2016,645,"RL",38,55,157,144.5,172.5,225,225,226.5,1.5,28
2017,645,"RL",58,146,139.5,135,145.5,203,202.5,203.5,1,10.5
2018,645,"RL",69,117,163.5,158,170.5,223,222.5,224,1.5,12.5
2019,645,"RL",122,308,151,145.5,156,217,217,217.5,0.5,10.5
2020,645,"RL",133,398,152,149,155,211.5,211.5,212,0.5,6
2002,645,"RP",21,174,116.5,112.5,121.5,192,191.5,192,0.5,9
2007,645,"RP",13,193,95,90,101.5,174.5,175,175,0,11.5
2016,645,"RP",38,51,138,124.5,155,208.5,209,209.5,0.5,30.5
2017,645,"RP",61,123,137.5,132,145.5,201,201.5,202,0.5,13.5
2018,645,"RP",66,85,134.5,126,143.5,210.5,209.5,211,1.5,17.5
2019,645,"RP",142,321,137,132.5,141.5,203,202.5,203,0.5,9
2020,645,"RP",143,439,144,140.5,147,201.5,201,201.5,0.5,6.5
2018,646,"RE",40,67,159.5,152,168,219.5,219,220,1,16
2019,646,"RE",49,83,144.5,140,149,207.5,206.5,208,1.5,9
2020,646,"RE",67,141,161.5,157,167.5,219,218.5,219.5,1,10.5
2002,646,"RL",29,324,202.5,201,204,237,236.5,237,0.5,3
2003,646,"RL",40,314,162,160,164.5,219.5,219.5,220,0.5,4.5
2004,646,"RL",65,1847,147,146,148,207,207,207,0,2
2005,646,"RL",31,207,197.5,193,201.5,247.5,247.5,248,0.5,8.5
2006,646,"RL",130,1121,120,119,121.5,185,185,185.5,0.5,2.5
2007,646,"RL",29,157,171,165.5,178,234,234.5,234.5,0,12.5
2008,646,"RL",89,638,123.5,121.5,125.5,203,202.5,203,0.5,4
2009,646,"RL",56,420,98,95,105.5,132,131,133.5,2.5,10.5
2014,646,"RL",42,68,136.5,132.5,141,208,206,209,3,8.5
2015,646,"RL",61,166,149.5,147,152,207,206,207.5,1.5,5
2016,646,"RL",129,271,151,147.5,156.5,224,224,224.5,0.5,9
2017,646,"RL",169,366,132.5,129.5,135.5,199.5,199,199.5,0.5,6
2018,646,"RL",203,586,156.5,154,159,217.5,217,217.5,0.5,5
2019,646,"RL",202,818,155,153,157,217,217,217,0,4
2020,646,"RL",162,1382,157.5,156,159.5,217.5,217.5,217.5,0,3.5
2002,646,"RP",30,432,202,201,203,235.5,235,235.5,0.5,2
2003,646,"RP",44,570,168.5,167,170,220.5,220,221,1,3
2004,646,"RP",63,655,142,139.5,144.5,202.5,202.5,203,0.5,5
2005,646,"RP",23,356,193,188.5,196.5,245,244.5,244.5,0,8
2006,646,"RP",130,1455,109,108,109.5,170,169.5,170,0.5,1.5
2007,646,"RP",39,256,174,168.5,180,236,236,236,0,11.5
2008,646,"RP",90,744,110,109.5,111,180,179.5,180.5,1,1.5
2009,646,"RP",65,948,89,86.5,91,124,123.5,124.5,1,4.5
2015,646,"RP",41,93,140.5,136.5,146.5,204,202.5,205,2.5,10
2016,646,"RP",121,234,143.5,138.5,148.5,214.5,214,215,1,10
2017,646,"RP",163,411,128.5,125.5,131.5,194,193.5,194.5,1,6
2018,646,"RP",186,562,156,154,158.5,213,213,213.5,0.5,4.5
2019,646,"RP",205,879,151,149,152.5,212.5,212,213,1,3.5
2020,646,"RP",170,908,151,148.5,153.5,213,213,213.5,0.5,5
2018,647,"RE",31,54,166.5,161,174,219,218,220.5,2.5,13
2019,647,"RE",56,121,164,158.5,169.5,230,229.5,230.5,1,11
2020,647,"RE",88,284,163,159.5,167,217.5,217,217.5,0.5,7.5
2012,647,"RL",31,62,91.5,88,96,156.5,155,157,2,8
2013,647,"RL",34,54,132.5,126.5,141,195,194.5,196.5,2,14.5
2014,647,"RL",42,66,142,136.5,148.5,206.5,205.5,207.5,2,12
2015,647,"RL",53,117,119,115.5,124,182.5,180.5,184,3.5,8.5
2016,647,"RL",67,130,146.5,141.5,153.5,217,216.5,217.5,1,12
2017,647,"RL",107,331,113.5,111.5,117,179,179,179.5,0.5,5.5
2018,647,"RL",128,491,158.5,156.5,160.5,213,212.5,213.5,1,4
2019,647,"RL",165,1318,175.5,174,177.5,236.5,236.5,237,0.5,3.5
2020,647,"RL",154,2644,162.5,161,164,218.5,218.5,218.5,0,3
2012,647,"RP",33,56,101,95,110,168.5,168,169,1,15
2014,647,"RP",30,55,138.5,131.5,147,206.5,205,207,2,15.5
2015,647,"RP",35,86,111.5,108,117.5,176,175,177,2,9.5
2016,647,"RP",67,119,144.5,137,153,212.5,211.5,212.5,1,16
2017,647,"RP",106,372,105.5,103,108.5,169.5,169,170,1,5.5
2018,647,"RP",128,457,156.5,154,159,212.5,212,213,1,5
2019,647,"RP",170,782,157.5,155,160,224,223.5,224,0.5,5
2020,647,"RP",160,1268,158.5,156.5,160.5,215.5,215.5,215.5,0,4
2000,648,"RE",17,59,142.5,141.5,151.5,183.5,179.5,185.5,6,10
2005,648,"RE",10,52,157,156,159,180.5,179.5,181,1.5,3
2014,648,"RE",28,88,133,132,135,183,181.5,184,2.5,3
2015,648,"RE",27,118,128,128,136,181.5,178.5,183.5,5,8
2016,648,"RE",36,100,130.5,128,134,205,204,206,2,6
2017,648,"RE",44,223,117.5,118.5,117.5,181,178.5,182,3.5,-1
2018,648,"RE",42,105,139.5,137,142.5,203.5,202.5,204.5,2,5.5
2019,648,"RE",61,134,144.5,141,149,205,204.5,205.5,1,8
2020,648,"RE",70,229,154.5,150.5,159,206,205.5,206.5,1,8.5
2000,648,"RL",38,3018,144,143.5,144.5,211,210.5,211,0.5,1
2001,648,"RL",32,2082,160,159,161,229.5,229.5,230,0.5,2
2002,648,"RL",128,764,119,117.5,121,186,185.5,186,0.5,3.5
2003,648,"RL",132,106,133.5,128,139.5,206.5,205,207,2,11.5
2004,648,"RL",133,516,134.5,132.5,137.5,194.5,194.5,195,0.5,5
2005,648,"RL",55,558,137,135.5,138,189,189,189.5,0.5,2.5
2006,648,"RL",54,539,168,167,169.5,203,203,203.5,0.5,2.5
2007,648,"RL",36,464,117,115.5,118,186,185.5,187,1.5,2.5
2008,648,"RL",39,237,165.5,163,169.5,228,227,228.5,1.5,6.5
2009,648,"RL",29,109,113.5,109,120.5,180,180,181,1,11.5
2010,648,"RL",28,63,141,136,147,190.5,189.5,191,1.5,11
2011,648,"RL",24,61,157,148.5,169,214,214.5,215.5,1,20.5
2013,648,"RL",60,157,154,149.5,160,214,214,214.5,0.5,10.5
2014,648,"RL",118,1106,135.5,134,137.5,195,195,195.5,0.5,3.5
2015,648,"RL",159,3359,140,139,141,204.5,204,204.5,0.5,2
2016,648,"RL",142,2309,118,117,119.5,199,198.5,199,0.5,2.5
2017,648,"RL",195,4004,106.5,105.5,107,177.5,177.5,178,0.5,1.5
2018,648,"RL",167,1501,135.5,134,136.5,200.5,200,200.5,0.5,2.5
2019,648,"RL",174,1276,145,143.5,147,207.5,207.5,207.5,0,3.5
2020,648,"RL",171,1900,145.5,144,147.5,204,204,204,0,3.5
2000,648,"RP",42,1307,135.5,134.5,136.5,196.5,196.5,197,0.5,2
2001,648,"RP",34,1036,145.5,143.5,148,208.5,208.5,209,0.5,4.5
2002,648,"RP",141,311,115,112.5,117.5,182.5,182,183,1,5
2003,648,"RP",169,65,125.5,119,134.5,201,200,202,2,15.5
2004,648,"RP",160,351,135.5,132,140,193.5,193.5,194,0.5,8
2005,648,"RP",63,221,130,127.5,132,184.5,184,185,1,4.5
2006,648,"RP",52,558,169.5,168.5,170.5,203,203,203,0,2
2007,648,"RP",38,412,121,119.5,123,188.5,188,189,1,3.5
2008,648,"RP",39,205,167,163.5,171.5,223,222.5,223.5,1,8
2009,648,"RP",21,153,83,81.5,84.5,147,146,147.5,1.5,3
2013,648,"RP",58,122,143.5,138,151,202,202,202.5,0.5,13
2014,648,"RP",114,804,128.5,126.5,130.5,192.5,192.5,193,0.5,4
2015,648,"RP",154,1786,124,123,126,191.5,191.5,192,0.5,3
2016,648,"RP",153,1531,96.5,95.5,98,179.5,179.5,180,0.5,2.5
2017,648,"RP",192,3772,98.5,98,99,168,168,168,0,1
2018,648,"RP",162,940,126,124.5,127.5,191,190.5,191,0.5,3
2019,648,"RP",172,806,139,137,141,203,203,203.5,0.5,4
2020,648,"RP",187,1210,142,140,144,202.5,202.5,203,0.5,4
2013,649,"RE",32,67,158,153.5,165.5,212.5,212,213.5,1.5,12
2014,649,"RE",35,132,148.5,146,152,199,198,199.5,1.5,6
2015,649,"RE",47,158,137.5,135,140.5,193,192,194,2,5.5
2016,649,"RE",50,143,160,155.5,164,225.5,225,226,1,8.5
2017,649,"RE",67,212,141,137.5,145.5,201,200.5,201.5,1,8
2018,649,"RE",52,161,159,154.5,163.5,212,211.5,212,0.5,9
2019,649,"RE",85,291,152.5,149,156.5,211,210.5,211,0.5,7.5
2020,649,"RE",89,557,152.5,150,155,204.5,204.5,205,0.5,5
2001,649,"RL",16,73,156,151,162.5,199,199,199.5,0.5,11.5
2002,649,"RL",53,1207,119.5,118.5,120.5,179,178.5,179,0.5,2
2004,649,"RL",27,240,176,172,180.5,216.5,216,216.5,0.5,8.5
2005,649,"RL",13,99,109,104,116.5,180.5,180.5,181,0.5,12.5
2006,649,"RL",24,321,176,173,179.5,229,229,229,0,6.5
2007,649,"RL",31,246,155.5,151,160,213,213,213.5,0.5,9
2008,649,"RL",37,330,94.5,94.5,94.5,153.5,152.5,154,1.5,0
2009,649,"RL",36,104,142.5,135.5,151.5,198.5,198.5,199.5,1,16
2010,649,"RL",31,54,149.5,144,157.5,206,205.5,206.5,1,13.5
2011,649,"RL",26,73,123,118.5,129,195.5,195,197,2,10.5
2012,649,"RL",67,124,138.5,131.5,148,205,205.5,206,0.5,16.5
2013,649,"RL",106,480,153,150.5,155.5,211.5,211.5,212,0.5,5
2014,649,"RL",256,3431,155,153.5,156,219,218.5,219,0.5,2.5
2015,649,"RL",273,3933,140.5,139.5,141.5,213.5,213.5,214,0.5,2
2016,649,"RL",282,2456,150,148,151.5,231,231,231,0,3.5
2017,649,"RL",333,5256,131,130,132,206.5,206.5,206.5,0,2
2018,649,"RL",238,2516,144,143,145,203.5,203.5,203.5,0,2
2019,649,"RL",211,2811,149,148,150.5,212,211.5,212,0.5,2.5
2020,649,"RL",210,4620,142.5,142,143.5,203,202.5,203,0.5,1.5
2001,649,"RP",17,90,144,136,153.5,195,195,195,0,17.5
2002,649,"RP",51,1099,120.5,118.5,122,180.5,180,180.5,0.5,3.5
2004,649,"RP",30,227,135,129,142,196,196,196.5,0.5,13
2005,649,"RP",17,116,94.5,90.5,98.5,165.5,164.5,165.5,1,8
2006,649,"RP",22,237,181.5,178.5,184.5,227.5,227.5,228,0.5,6
2007,649,"RP",27,207,148.5,143.5,154,211,210.5,211,0.5,10.5
2008,649,"RP",41,314,87.5,87,88,146.5,145.5,147.5,2,1
2009,649,"RP",38,135,120,114.5,127.5,187,187,188,1,13
2011,649,"RP",31,51,120.5,115.5,130.5,191,190.5,192.5,2,15
2012,649,"RP",48,83,138,127.5,150,202.5,203,203.5,0.5,22.5
2013,649,"RP",99,294,142.5,138.5,146,203.5,203,203.5,0.5,7.5
2014,649,"RP",248,3220,145,144,146.5,211.5,211.5,212,0.5,2.5
2015,649,"RP",276,3117,137,135.5,138,206,206,206.5,0.5,2.5
2016,649,"RP",282,2046,137.5,135.5,140.5,220.5,220.5,220.5,0,5
2017,649,"RP",340,4839,122,120.5,123,202.5,202.5,202.5,0,2.5
2018,649,"RP",234,2299,140.5,139,142,199.5,199.5,199.5,0,3
2019,649,"RP",229,1963,143,141.5,144.5,206.5,206.5,207,0.5,3
2020,649,"RP",233,2777,137,135.5,138,198.5,198.5,199,0.5,2.5
2007,672,"RL",14,185,105,100,110,190,189.5,189.5,0,10
2014,672,"RL",20,111,75.5,72.5,79.5,157,156,157.5,1.5,7
2015,672,"RL",32,195,107.5,102,113.5,191.5,191,191.5,0.5,11.5
2016,672,"RL",45,101,110.5,101.5,122.5,196,196,196,0,21
2017,672,"RL",45,343,106.5,101,112.5,192,192,192,0,11.5
2018,672,"RL",53,278,129,126,132.5,200.5,200,201,1,6.5
2019,672,"RL",84,161,131,125,138,209,208.5,209,0.5,13
2020,672,"RL",141,369,127.5,123,131,196.5,196,196.5,0.5,8
2007,672,"RP",13,63,118.5,108.5,132.5,205.5,206.5,206,-0.5,24
2014,672,"RP",19,67,81.5,78.5,86,156.5,155,158,3,7.5
2015,672,"RP",19,86,89,82,96.5,174,173,173.5,0.5,14.5
2016,672,"RP",28,57,95,85.5,109,187.5,188.5,187.5,-1,23.5
2017,672,"RP",38,222,95.5,89,102,181,180.5,180.5,0,13
2018,672,"RP",55,148,121.5,116.5,126.5,195.5,194,196,2,10
2019,672,"RP",81,121,111.5,107,118.5,191.5,190.5,192,1.5,11.5
2020,672,"RP",119,276,131,126,136.5,196,196,196.5,0.5,10.5
2020,673,"RE",26,55,154,145.5,165.5,209,209,209.5,0.5,20
2003,673,"RL",39,1021,95.5,94,97.5,177,176.5,177,0.5,3.5
2004,673,"RL",78,619,129,125.5,133,198,197.5,198,0.5,7.5
2005,673,"RL",70,647,163,161.5,165,218,217.5,218.5,1,3.5
2006,673,"RL",75,390,165,161.5,169,222,222,222.5,0.5,7.5
2007,673,"RL",75,668,150,147.5,153,216.5,216,217,1,5.5
2008,673,"RL",67,777,101,99,102.5,177,177,177.5,0.5,3.5
2009,673,"RL",19,56,68.5,67,70,106.5,105.5,107,1.5,3
2015,673,"RL",31,181,98,94.5,103,176.5,176,177,1,8.5
2016,673,"RL",40,74,130.5,114.5,147.5,208,208.5,209,0.5,33
2017,673,"RL",66,155,119,115.5,123,188.5,187,189.5,2.5,7.5
2018,673,"RL",93,250,160,157,164,209.5,209,209.5,0.5,7
2019,673,"RL",93,222,147.5,143,153,207,206.5,207.5,1,10
2020,673,"RL",130,487,161,157.5,164.5,217.5,217.5,217.5,0,7
2003,673,"RP",40,578,78.5,77,80,149.5,149.5,150.5,1,3
2004,673,"RP",68,426,115,111,119.5,184.5,184.5,185,0.5,8.5
2005,673,"RP",61,466,163,161,166,212,211.5,212.5,1,5
2006,673,"RP",77,461,150,147,153,207.5,207.5,208,0.5,6
2007,673,"RP",67,401,127.5,121.5,133,203,202.5,203,0.5,11.5
2008,673,"RP",71,415,91.5,88.5,94,168,167.5,168,0.5,5.5
2009,673,"RP",47,150,53.5,51,58.5,96,94.5,97.5,3,7.5
2015,673,"RP",29,82,107,100.5,116,185.5,185,186.5,1.5,15.5
2016,673,"RP",31,56,133,117,151,207,206.5,208,1.5,34
2017,673,"RP",70,133,98.5,92.5,106.5,175.5,175,176.5,1.5,14
2018,673,"RP",93,163,158.5,153,164,207,206.5,208,1.5,11
2019,673,"RP",110,197,135.5,131,140,200,200,201,1,9
2020,673,"RP",136,395,146.5,142,151,210,210,210,0,9
2016,674,"RL",43,63,138.5,129,150,213,212.5,214,1.5,21
2017,674,"RL",66,124,131.5,128,136.5,204,203,205,2,8.5
2018,674,"RL",73,137,150,145,156.5,210,210,210.5,0.5,11.5
2019,674,"RL",132,344,143,140,146.5,205.5,205.5,206,0.5,6.5
2020,674,"RL",120,322,151,146,157,211,211,211,0,11
2017,674,"RP",56,98,121,116,128,194.5,193.5,196,2.5,12
2018,674,"RP",63,88,143.5,135.5,153.5,201.5,201.5,202,0.5,18
2019,674,"RP",131,313,121,118,125,189,188.5,189.5,1,7
2020,674,"RP",134,283,117,112.5,123.5,187,187.5,187.5,0,11
2014,675,"RL",23,185,91,88.5,94,161.5,161,162,1,5.5
2015,675,"RL",53,314,120.5,117,124.5,187.5,187.5,188,0.5,7.5
2016,675,"RL",58,133,130,122.5,141,199,199.5,200,0.5,18.5
2017,675,"RL",96,423,138,135.5,140.5,199.5,199,199.5,0.5,5
2018,675,"RL",116,291,137.5,136,139,194.5,193.5,195.5,2,3
2019,675,"RL",136,299,140,136.5,144,200,199.5,200.5,1,7.5
2020,675,"RL",164,436,136,132.5,139.5,200,199.5,200,0.5,7
2014,675,"RP",23,262,95,92,98,166.5,166,166.5,0.5,6
2015,675,"RP",46,357,112.5,109,116.5,182,182,182,0,7.5
2016,675,"RP",71,183,115.5,109.5,123,189,188.5,190,1.5,13.5
2017,675,"RP",87,310,133.5,130.5,137.5,194,194,194.5,0.5,7
2018,675,"RP",97,219,133.5,130.5,137,190,189,190.5,1.5,6.5
2019,675,"RP",159,308,137,134,140.5,195.5,195,196,1,6.5
2020,675,"RP",185,450,123.5,120,127.5,189.5,189.5,190,0.5,7.5
2015,676,"RE",24,62,140,134,151.5,202.5,203,204,1,17.5
2016,676,"RE",34,78,136,128.5,146.5,215,215,216,1,18
2017,676,"RE",72,161,121,117.5,125.5,190.5,190,191,1,8
2018,676,"RE",91,254,152,149.5,157,223,223,224,1,7.5
2019,676,"RE",118,460,144,140.5,147.5,216,216,216.5,0.5,7
2020,676,"RE",108,587,144,141.5,147,202.5,202,202.5,0.5,5.5
2000,676,"RL",17,117,146,139,154,220,219.5,220,0.5,15
2001,676,"RL",16,126,140,134.5,147,216.5,216,217,1,12.5
2002,676,"RL",22,132,109,105.5,113,187.5,186.5,187.5,1,7.5
2003,676,"RL",18,260,165.5,160,172,241.5,241.5,241.5,0,12
2004,676,"RL",50,411,138,135,141.5,208,207.5,208.5,1,6.5
2005,676,"RL",38,439,155.5,153.5,158,220,219.5,220,0.5,4.5
2006,676,"RL",32,1273,159,158.5,160,206.5,206,206.5,0.5,1.5
2007,676,"RL",29,441,130,128,132,202.5,202,202.5,0.5,4
2008,676,"RL",63,398,139,135,142.5,214,214,214,0,7.5
2009,676,"RL",41,85,94.5,93.5,97,158.5,157,159.5,2.5,3.5
2011,676,"RL",24,50,154.5,150.5,161.5,210,207.5,212,4.5,11
2012,676,"RL",80,158,157.5,150.5,165.5,224.5,224,224.5,0.5,15
2013,676,"RL",88,245,132,129,135,204,203,204.5,1.5,6
2014,676,"RL",106,803,141,139,143,204,204,204.5,0.5,4
2015,676,"RL",172,1705,130,128.5,132,203.5,203.5,203.5,0,3.5
2016,676,"RL",275,1061,122.5,120,125.5,206.5,206.5,206.5,0,5.5
2017,676,"RL",306,2323,115.5,114,117,190.5,190.5,191,0.5,3
2018,676,"RL",260,2977,143.5,142.5,144.5,217,216.5,217,0.5,2
2019,676,"RL",259,4469,137.5,136,138.5,211.5,211.5,211.5,0,2.5
2020,676,"RL",264,5402,135.5,134.5,136.5,202,202,202,0,2
2000,676,"RP",16,366,84.5,82,87,155.5,155,156,1,5
2001,676,"RP",16,183,136.5,131,142,207,206.5,207.5,1,11
2002,676,"RP",29,186,98.5,95,102.5,176,175.5,176.5,1,7.5
2003,676,"RP",28,169,155.5,151.5,161.5,221,220.5,221.5,1,10
2004,676,"RP",55,369,130.5,127,133.5,195.5,195,195.5,0.5,6.5
2005,676,"RP",45,500,149.5,146.5,152.5,207,207,207.5,0.5,6
2006,676,"RP",41,1893,168,167,168.5,207,207,207.5,0.5,1.5
2007,676,"RP",36,339,137,134.5,140,207,207,207.5,0.5,5.5
2008,676,"RP",61,402,114,109,118,195,194.5,195,0.5,9
2009,676,"RP",40,120,77,75,78.5,145,142,146,4,3.5
2012,676,"RP",74,103,144.5,134.5,156,214.5,214,215,1,21.5
2013,676,"RP",101,227,124,120.5,129,193.5,192.5,194,1.5,8.5
2014,676,"RP",110,640,117,114.5,119.5,187.5,187,187.5,0.5,5
2015,676,"RP",175,1057,124.5,122.5,127.5,195.5,195.5,196,0.5,5
2016,676,"RP",295,1014,106,103.5,109,188.5,188.5,188.5,0,5.5
2017,676,"RP",329,1925,105.5,104,107,181.5,181.5,182,0.5,3
2018,676,"RP",252,1581,135,133.5,137,209.5,209,209.5,0.5,3.5
2019,676,"RP",277,3316,132,131,133,204.5,204.5,205,0.5,2
2020,676,"RP",281,3448,125.5,124.5,127,194.5,194.5,195,0.5,2.5
2017,702,"RE",30,55,115,109.5,124.5,186.5,186.5,188,1.5,15
2018,702,"RE",28,53,113,110.5,118,178.5,178,180,2,7.5
2019,702,"RE",54,98,127,121.5,134.5,204,203.5,204.5,1,13
2020,702,"RE",54,98,122.5,116.5,130,190.5,190,191,1,13.5
2001,702,"RL",37,88,161,146.5,179.5,254,255.5,253.5,-2,33
2008,702,"RL",45,66,94.5,87.5,105,180.5,181,181.5,0.5,17.5
2009,702,"RL",32,74,99.5,96,104.5,165.5,164.5,166,1.5,8.5
2011,702,"RL",24,50,122.5,116,133,188,187.5,189,1.5,17
2012,702,"RL",42,86,99,95,105.5,176,175,177,2,10.5
2013,702,"RL",44,60,121,112.5,133,194.5,194.5,195.5,1,20.5
2014,702,"RL",94,123,132,127.5,137.5,201,200,201.5,1.5,10
2015,702,"RL",127,209,123.5,119.5,128.5,197,196.5,198,1.5,9
2016,702,"RL",129,314,115,111.5,118.5,194.5,194,195,1,7
2017,702,"RL",176,628,104,102,106.5,178.5,178,178.5,0.5,4.5
2018,702,"RL",193,587,127,124.5,129.5,192.5,192.5,193,0.5,5
2019,702,"RL",223,769,126.5,124.5,129,201,200.5,201,0.5,4.5
2020,702,"RL",178,991,132,129.5,135,201.5,201.5,201.5,0,5.5
2008,702,"RP",32,52,74,69,83.5,165.5,166.5,166,-0.5,14.5
2009,702,"RP",20,52,82.5,81.5,84,144,141,145.5,4.5,2.5
2012,702,"RP",43,78,91,87,96,164,163,165,2,9
2013,702,"RP",46,78,109,103,119.5,176.5,177.5,178,0.5,16.5
2014,702,"RP",82,115,123.5,118.5,130,189,188.5,190,1.5,11.5
2015,702,"RP",100,184,130,124.5,136,195,194.5,195,0.5,11.5
2016,702,"RP",177,323,109.5,105,114.5,190.5,190.5,191,0.5,9.5
2017,702,"RP",183,492,95.5,93,99,169,168.5,169,0.5,6
2018,702,"RP",198,590,124,121,127.5,190,190,190.5,0.5,6.5
2019,702,"RP",250,882,119,116.5,122,193,192.5,193,0.5,5.5
2020,702,"RP",212,1016,120,117.5,123,192.5,192.5,192.5,0,5.5
2016,703,"RE",27,52,142.5,131.5,156,224.5,223.5,224.5,1,24.5
2017,703,"RE",30,58,93.5,86.5,105,175.5,175.5,176.5,1,18.5
2018,703,"RE",29,55,119.5,114,128,192.5,191.5,193.5,2,14
2019,703,"RE",69,152,129.5,123,139,209,209.5,210,0.5,16
2020,703,"RE",73,203,106.5,102.5,111,182.5,182,182.5,0.5,8.5
2015,703,"RL",54,78,152,144,163,217,217,218,1,19
2016,703,"RL",126,352,134,128.5,139.5,214.5,214,214.5,0.5,11
2017,703,"RL",132,361,102.5,98.5,106.5,183,183,183.5,0.5,8
2018,703,"RL",162,515,123.5,121,126,195.5,195.5,196,0.5,5
2019,703,"RL",185,1067,130,128,133,206.5,206.5,207,0.5,5
2020,703,"RL",208,1564,119.5,117.5,122,195.5,195.5,195.5,0,4.5
2015,703,"RP",61,112,147,140.5,156.5,208,208,210,2,16
2016,703,"RP",150,321,110.5,106,116.5,194,194,194.5,0.5,10.5
2017,703,"RP",135,296,101,97,106.5,182,182,182.5,0.5,9.5
2018,703,"RP",192,503,120.5,116,124,192.5,191.5,192.5,1,8
2019,703,"RP",228,927,126,123.5,128.5,199,199,199.5,0.5,5
2020,703,"RP",229,1321,116.5,113.5,119,192,192,192,0,5.5
2014,733,"RL",13,77,208.5,201,214,242,241,242,1,13
2015,733,"RL",19,101,186,179,191,241.5,240.5,241.5,1,12
2017,733,"RL",33,100,142.5,133,155.5,213,214,214,0,22.5
2020,733,"RL",48,61,139,128.5,155,214,215,215.5,0.5,26.5
2015,733,"RP",15,119,190.5,187.5,195,238.5,238,239,1,7.5
2017,733,"RP",42,110,151,142.5,159.5,214.5,213.5,214.5,1,17
2020,733,"RP",51,66,143.5,131,158,213,213.5,214,0.5,27
2020,736,"RE",36,57,157,153,163.5,198.5,198.5,199,0.5,10.5
2013,736,"RL",42,64,133.5,129.5,140,193,192,194,2,10.5
2014,736,"RL",62,123,138,135.5,141.5,198.5,197.5,199,1.5,6
2015,736,"RL",62,84,143,137.5,149.5,202,201.5,202.5,1,12
2016,736,"RL",54,87,143.5,138,150,206,205.5,207,1.5,12
2017,736,"RL",82,139,148.5,144,153.5,205.5,205,206,1,9.5
2018,736,"RL",106,168,140,137.5,143.5,198,197.5,199,1.5,6
2019,736,"RL",118,210,159.5,156.5,162.5,214,213,214.5,1.5,6
2020,736,"RL",125,343,140,138.5,142.5,193.5,193.5,194,0.5,4
2014,736,"RP",43,65,148,142,155.5,204.5,204.5,205.5,1,13.5
2015,736,"RP",51,113,131.5,125.5,139.5,198.5,198.5,199,0.5,14
2016,736,"RP",50,70,123.5,117,133,191.5,191,193,2,16
2017,736,"RP",67,98,131.5,125,141.5,199.5,200,200,0,16.5
2018,736,"RP",76,101,129.5,124,135.5,193.5,193,194,1,11.5
2019,736,"RP",93,137,160.5,156,165.5,211.5,211,212,1,9.5
2020,736,"RP",123,238,133,129.5,137,193,192.5,193.5,1,7.5
2020,739,"RE",45,76,153.5,153,155.5,186.5,185.5,187,1.5,2.5
2011,739,"RL",49,80,151.5,150,155,193.5,191,194.5,3.5,5
2012,739,"RL",85,150,144,142.5,145.5,191,190,191.5,1.5,3
2013,739,"RL",58,107,144.5,143.5,146,191.5,190.5,192,1.5,2.5
2014,739,"RL",93,184,157.5,155,160,208.5,208,209,1,5
2015,739,"RL",93,192,152.5,152,154.5,199.5,198.5,200.5,2,2.5
2016,739,"RL",68,109,148.5,146.5,152,205,204.5,205.5,1,5.5
2017,739,"RL",114,205,158,156.5,160.5,210.5,210,211,1,4
2018,739,"RL",140,384,150.5,149,152,203.5,203,204,1,3
2019,739,"RL",137,315,161.5,161,163,211.5,210.5,212,1.5,2
2020,739,"RL",136,490,148,147.5,149,196,195.5,196.5,1,1.5
2012,739,"RP",39,55,143,138,148.5,190,189,190.5,1.5,10.5
2015,739,"RP",33,50,137,134,143,193,191.5,194,2.5,9
2017,739,"RP",52,76,126.5,124.5,129,178.5,176.5,179,2.5,4.5
2018,739,"RP",73,155,134.5,132.5,136,189.5,188.5,190,1.5,3.5
2019,739,"RP",77,134,134.5,127.5,140,197,195.5,197,1.5,12.5
2020,739,"RP",102,273,126,123.5,128.5,176.5,175.5,177,1.5,5
