"Name","Region","cell","Latitude","Longitude","Year","julianweek","nSurveyBranches","nSurveys","totalCount","numSurveysGTzero","totalBiomass","meanDensity","fracSurveys","meanBiomass"
"Brookbanks Park","ON","593",43.755259966615,-79.329944638904,2020,172,30,30,9,8,203.389376542068,0.3,26.6666666666667,6.77964588473561
"Brookbanks Park","ON","593",43.755259966615,-79.329944638904,2020,179,30,30,4,4,528.288146145896,0.133333333333333,13.3333333333333,17.6096048715299
"Brookbanks Park","ON","593",43.755259966615,-79.329944638904,2020,186,30,30,2,2,618.318349785862,0.0666666666666667,6.66666666666667,20.6106116595287
"Brookbanks Park","ON","593",43.755259966615,-79.329944638904,2020,193,29,30,1,1,319.428378981917,0.0333333333333333,3.33333333333333,10.6476126327306
"Brookbanks Park","ON","593",43.755259966615,-79.329944638904,2020,200,30,30,0,0,0,0,0,0
"Brookbanks Park","ON","593",43.755259966615,-79.329944638904,2020,207,30,30,0,0,0,0,0,0
"Camp Woods Survey","PA","649",40.156541404112,-75.244872563774,2019,165,19,19,0,0,0,0,0,0
"Camp Woods Survey","PA","649",40.156541404112,-75.244872563774,2019,172,20,20,0,0,0,0,0,0
"Camp Woods Survey","PA","649",40.156541404112,-75.244872563774,2019,179,20,20,0,0,0,0,0,0
"Camp Woods Survey","PA","649",40.156541404112,-75.244872563774,2019,186,20,20,2,2,4.86325292790576,0.1,10,0.243162646395288
"Camp Woods Survey","PA","649",40.156541404112,-75.244872563774,2019,193,20,20,1,1,4.6818614960343,0.05,5,0.234093074801715
"Camp Woods Survey","PA","649",40.156541404112,-75.244872563774,2019,200,10,10,0,0,0,0,0,0
"Camp Woods Survey","PA","649",40.156541404112,-75.244872563774,2019,207,20,21,1,1,15.5407723006435,0.0476190476190476,4.76190476190476,0.74003677622112
"Coweeta - BB","NC","702",35.041667,-83.475,2011,144,233,233,102,68,699.431138412904,0.437768240343348,29.1845493562232,3.00185037945452
"Coweeta - BB","NC","702",35.041667,-83.475,2011,151,77,77,9,7,101.291805083761,0.116883116883117,9.09090909090909,1.31547798810079
"Coweeta - BB","NC","702",35.041667,-83.475,2011,158,220,220,25,21,412.496683137542,0.113636363636364,9.54545454545454,1.87498492335246
"Coweeta - BB","NC","702",35.041667,-83.475,2011,165,162,197,17,15,230.874757684188,0.0862944162436548,7.61421319796954,1.17195308469131
"Coweeta - BB","NC","702",35.041667,-83.475,2011,172,272,272,13,13,447.971221542456,0.0477941176470588,4.77941176470588,1.64695302037668
"Coweeta - BB","NC","702",35.041667,-83.475,2011,179,379,379,15,10,167.39070694065,0.0395778364116095,2.63852242744063,0.441664134408046
"Coweeta - BB","NC","702",35.041667,-83.475,2012,144,399,399,74,47,846.243872811188,0.18546365914787,11.7794486215539,2.1209119619328
"Coweeta - BB","NC","702",35.041667,-83.475,2012,151,173,173,11,10,115.394781412287,0.0635838150289017,5.78034682080925,0.667021857874492
"Coweeta - BB","NC","702",35.041667,-83.475,2012,158,240,240,16,13,233.51994323835,0.0666666666666667,5.41666666666667,0.972999763493124
"Coweeta - BB","NC","702",35.041667,-83.475,2012,165,203,249,13,12,172.780127372665,0.0522088353413655,4.81927710843374,0.693896093866125
"Coweeta - BB","NC","702",35.041667,-83.475,2012,172,358,358,22,18,665.182415758538,0.0614525139664804,5.02793296089385,1.85805144066631
"Coweeta - BB","NC","702",35.041667,-83.475,2012,179,326,333,8,8,106.839893413167,0.024024024024024,2.4024024024024,0.320840520760261
"Coweeta - BB","NC","702",35.041667,-83.475,2012,186,292,292,18,14,120.483153334603,0.0616438356164384,4.79452054794521,0.412613538817132
"Coweeta - BB","NC","702",35.041667,-83.475,2013,144,235,235,16,15,44.8825095348302,0.0680851063829787,6.38297872340426,0.190989402275873
"Coweeta - BB","NC","702",35.041667,-83.475,2013,151,243,243,25,24,168.627801087117,0.102880658436214,9.87654320987654,0.693941568259741
"Coweeta - BB","NC","702",35.041667,-83.475,2013,158,127,127,19,17,74.4384132516198,0.149606299212598,13.3858267716535,0.586129238201731
"Coweeta - BB","NC","702",35.041667,-83.475,2013,165,133,133,25,19,240.562345662223,0.18796992481203,14.2857142857143,1.80873944106934
"Coweeta - BB","NC","702",35.041667,-83.475,2013,172,229,229,51,41,961.497929399151,0.222707423580786,17.9039301310044,4.19868091440677
"Coweeta - BB","NC","702",35.041667,-83.475,2013,179,266,266,35,31,478.61248359078,0.131578947368421,11.6541353383459,1.79929505109316
"Coweeta - BB","NC","702",35.041667,-83.475,2013,186,113,113,15,14,181.097284495582,0.132743362831858,12.3893805309735,1.60263083624409
"Coweeta - BB","NC","702",35.041667,-83.475,2014,144,240,240,52,46,252.399888513063,0.216666666666667,19.1666666666667,1.05166620213776
"Coweeta - BB","NC","702",35.041667,-83.475,2014,151,166,193,53,41,518.928611483084,0.274611398963731,21.2435233160622,2.68874928229577
"Coweeta - BB","NC","702",35.041667,-83.475,2014,158,266,266,77,58,1224.63698330252,0.289473684210526,21.8045112781955,4.6038984334681
"Coweeta - BB","NC","702",35.041667,-83.475,2014,165,99,117,23,19,327.264530166709,0.196581196581197,16.2393162393162,2.7971327364676
"Coweeta - BB","NC","702",35.041667,-83.475,2014,172,264,264,72,50,1444.82753259676,0.272727272727273,18.9393939393939,5.4728315628665
"Coweeta - BB","NC","702",35.041667,-83.475,2014,179,187,187,33,32,213.774752477079,0.176470588235294,17.1122994652406,1.14318049452983
"Coweeta - BB","NC","702",35.041667,-83.475,2014,186,279,279,39,33,563.602020727004,0.139784946236559,11.8279569892473,2.02007892733693
"Coweeta - BB","NC","702",35.041667,-83.475,2015,144,143,143,37,29,227.791459416024,0.258741258741259,20.2797202797203,1.59294726864352
"Coweeta - BB","NC","702",35.041667,-83.475,2015,158,112,112,17,15,251.918706455345,0.151785714285714,13.3928571428571,2.24927416477986
"Coweeta - BB","NC","702",35.041667,-83.475,2015,165,310,310,43,40,579.035475892984,0.138709677419355,12.9032258064516,1.86785637384834
"Coweeta - BB","NC","702",35.041667,-83.475,2015,172,255,255,25,23,406.734062841803,0.0980392156862745,9.01960784313725,1.59503554055609
"Coweeta - BB","NC","702",35.041667,-83.475,2015,179,268,268,21,17,463.047978226496,0.0783582089552239,6.34328358208955,1.7277909635317
"Coweeta - BB","NC","702",35.041667,-83.475,2015,186,71,71,10,4,54.0451127179107,0.140845070422535,5.63380281690141,0.761198770674798
"Coweeta - BB","NC","702",35.041667,-83.475,2017,144,178,178,19,15,68.274569922819,0.106741573033708,8.42696629213483,0.383564999566399
"Coweeta - BB","NC","702",35.041667,-83.475,2017,151,52,52,9,8,60.1062903985251,0.173076923076923,15.3846153846154,1.15589019997164
"Coweeta - BB","NC","702",35.041667,-83.475,2017,158,178,178,24,23,404.341853593577,0.134831460674157,12.9213483146067,2.27158344715493
"Coweeta - BB","NC","702",35.041667,-83.475,2017,165,103,103,2,2,5.02958574157782,0.0194174757281553,1.94174757281553,0.0488309295298818
"Coweeta - BB","NC","702",35.041667,-83.475,2017,172,65,65,5,5,94.5070048636536,0.0769230769230769,7.69230769230769,1.45395392097929
"Coweeta - BB","NC","702",35.041667,-83.475,2017,179,229,296,15,15,76.2242439381158,0.0506756756756757,5.06756756756757,0.25751433762877
"Coweeta - BB","NC","702",35.041667,-83.475,2018,144,140,140,22,22,88.8877931728327,0.157142857142857,15.7142857142857,0.634912808377377
"Coweeta - BB","NC","702",35.041667,-83.475,2018,151,94,94,16,14,64.047316947165,0.170212765957447,14.8936170212766,0.681354435608138
"Coweeta - BB","NC","702",35.041667,-83.475,2018,158,154,155,22,22,301.073155331893,0.141935483870968,14.1935483870968,1.94240745375415
"Coweeta - BB","NC","702",35.041667,-83.475,2018,165,174,174,20,19,359.947836121466,0.114942528735632,10.9195402298851,2.06866572483601
"Coweeta - BB","NC","702",35.041667,-83.475,2018,172,53,53,6,5,44.5643497995849,0.113207547169811,9.43396226415094,0.840836788671413
"Coweeta - BB","NC","702",35.041667,-83.475,2018,179,83,83,20,14,172.50197716687,0.240963855421687,16.8674698795181,2.07833707429964
"Coweeta - BB","NC","702",35.041667,-83.475,2018,186,95,95,13,11,94.6956919291713,0.136842105263158,11.5789473684211,0.996796757149172
"Coweeta - BS","NC","702",35.025,-83.458333,2010,144,71,71,30,16,140.759839203276,0.422535211267606,22.5352112676056,1.98253294652502
"Coweeta - BS","NC","702",35.025,-83.458333,2010,158,176,176,30,25,909.289454106945,0.170454545454545,14.2045454545455,5.16641735288037
"Coweeta - BS","NC","702",35.025,-83.458333,2010,165,86,86,18,15,141.246839140619,0.209302325581395,17.4418604651163,1.64240510628626
"Coweeta - BS","NC","702",35.025,-83.458333,2010,172,198,198,62,34,289.222360364726,0.313131313131313,17.1717171717172,1.46071899174104
"Coweeta - BS","NC","702",35.025,-83.458333,2010,179,86,86,6,5,38.7794871494243,0.0697674418604651,5.81395348837209,0.450924269179352
"Coweeta - BS","NC","702",35.025,-83.458333,2010,186,201,201,36,33,98.0281375579269,0.17910447761194,16.4179104477612,0.487702176905109
"Coweeta - BS","NC","702",35.025,-83.458333,2011,144,291,291,118,79,1017.3649229056,0.405498281786942,27.1477663230241,3.49609939142818
"Coweeta - BS","NC","702",35.025,-83.458333,2011,151,196,196,34,29,571.840493607528,0.173469387755102,14.7959183673469,2.91755353881392
"Coweeta - BS","NC","702",35.025,-83.458333,2011,158,430,430,34,33,841.495797011378,0.0790697674418605,7.67441860465116,1.9569669697939
"Coweeta - BS","NC","702",35.025,-83.458333,2011,165,315,445,23,21,538.226068127153,0.051685393258427,4.71910112359551,1.20949678230821
"Coweeta - BS","NC","702",35.025,-83.458333,2011,172,507,507,21,19,456.874239553057,0.0414201183431953,3.74753451676529,0.901132622392617
"Coweeta - BS","NC","702",35.025,-83.458333,2011,179,758,758,17,16,250.919053262256,0.0224274406332454,2.11081794195251,0.331027774752316
"Coweeta - BS","NC","702",35.025,-83.458333,2011,193,99,99,4,3,18.8405146729239,0.0404040404040404,3.03030303030303,0.190308229019433
"Coweeta - BS","NC","702",35.025,-83.458333,2012,144,454,454,37,30,547.151275396085,0.0814977973568282,6.6079295154185,1.20517902069622
"Coweeta - BS","NC","702",35.025,-83.458333,2012,151,306,306,22,18,289.092237636433,0.0718954248366013,5.88235294117647,0.944745874628864
"Coweeta - BS","NC","702",35.025,-83.458333,2012,158,350,350,31,22,394.970334589501,0.0885714285714286,6.28571428571429,1.12848667025572
"Coweeta - BS","NC","702",35.025,-83.458333,2012,165,366,400,19,17,470.241182212667,0.0475,4.25,1.17560295553167
"Coweeta - BS","NC","702",35.025,-83.458333,2012,172,590,590,20,19,284.976820652061,0.0338983050847458,3.22033898305085,0.483011560427222
"Coweeta - BS","NC","702",35.025,-83.458333,2012,179,358,374,17,15,49.2980900044492,0.0454545454545455,4.01069518716578,0.131813074878206
"Coweeta - BS","NC","702",35.025,-83.458333,2012,186,449,449,24,22,482.734479787237,0.0534521158129176,4.89977728285078,1.0751324716865
"Coweeta - BS","NC","702",35.025,-83.458333,2012,193,657,657,21,17,94.7647175139236,0.0319634703196347,2.58751902587519,0.144238535028803
"Coweeta - BS","NC","702",35.025,-83.458333,2013,144,102,102,8,6,31.1913115757497,0.0784313725490196,5.88235294117647,0.305797172311272
"Coweeta - BS","NC","702",35.025,-83.458333,2013,151,213,213,30,27,376.922461706368,0.140845070422535,12.6760563380282,1.76958902209563
"Coweeta - BS","NC","702",35.025,-83.458333,2013,158,204,204,44,36,719.854067052314,0.215686274509804,17.6470588235294,3.52869640711919
"Coweeta - BS","NC","702",35.025,-83.458333,2013,165,219,219,27,26,704.127342019157,0.123287671232877,11.8721461187215,3.21519334255323
"Coweeta - BS","NC","702",35.025,-83.458333,2013,172,187,187,20,19,219.070698924375,0.106951871657754,10.1604278074866,1.17150106376671
"Coweeta - BS","NC","702",35.025,-83.458333,2013,179,287,287,15,14,64.5431341960078,0.0522648083623693,4.8780487804878,0.224888969324069
"Coweeta - BS","NC","702",35.025,-83.458333,2013,186,137,137,8,8,141.393654907568,0.0583941605839416,5.83941605839416,1.03207047377787
"Coweeta - BS","NC","702",35.025,-83.458333,2013,193,410,410,22,22,72.2620108576057,0.0536585365853659,5.36585365853659,0.17624880696977
"Coweeta - BS","NC","702",35.025,-83.458333,2014,144,308,308,94,74,800.433746890258,0.305194805194805,24.025974025974,2.59881086652681
"Coweeta - BS","NC","702",35.025,-83.458333,2014,151,151,151,22,19,267.170210881618,0.145695364238411,12.5827814569536,1.76933914491138
"Coweeta - BS","NC","702",35.025,-83.458333,2014,158,276,276,39,35,438.446281648497,0.141304347826087,12.6811594202899,1.58857348423368
"Coweeta - BS","NC","702",35.025,-83.458333,2014,165,176,186,40,37,322.549577395355,0.21505376344086,19.8924731182796,1.73413751287825
"Coweeta - BS","NC","702",35.025,-83.458333,2014,172,261,261,22,22,289.428639049848,0.0842911877394636,8.42911877394636,1.10892198869674
"Coweeta - BS","NC","702",35.025,-83.458333,2014,179,169,169,33,29,419.300849682158,0.195266272189349,17.1597633136095,2.48107011646247
"Coweeta - BS","NC","702",35.025,-83.458333,2014,186,330,330,38,33,195.608516860149,0.115151515151515,10,0.592753081394391
"Coweeta - BS","NC","702",35.025,-83.458333,2014,193,91,91,8,7,40.5098942295546,0.0879120879120879,7.69230769230769,0.445163672852248
"Coweeta - BS","NC","702",35.025,-83.458333,2015,144,92,92,27,21,182.778134423227,0.293478260869565,22.8260869565217,1.98671885242638
"Coweeta - BS","NC","702",35.025,-83.458333,2015,151,73,73,9,6,78.0753431802335,0.123287671232877,8.21917808219178,1.0695252490443
"Coweeta - BS","NC","702",35.025,-83.458333,2015,158,257,257,45,35,816.156787460834,0.175097276264591,13.6186770428016,3.17570734420558
"Coweeta - BS","NC","702",35.025,-83.458333,2015,165,281,311,41,38,368.296709542957,0.131832797427653,12.2186495176849,1.18423379274263
"Coweeta - BS","NC","702",35.025,-83.458333,2015,172,154,154,14,11,136.596775387333,0.0909090909090909,7.14285714285714,0.886992047969694
"Coweeta - BS","NC","702",35.025,-83.458333,2015,179,234,250,16,15,250.097208151232,0.064,6,1.00038883260493
"Coweeta - BS","NC","702",35.025,-83.458333,2015,186,132,132,9,7,41.3068624029282,0.0681818181818182,5.3030303030303,0.312930775779759
"Coweeta - BS","NC","702",35.025,-83.458333,2015,193,230,230,17,16,856.379281644835,0.0739130434782609,6.95652173913043,3.7233881810645
"Coweeta - BS","NC","702",35.025,-83.458333,2018,144,186,186,20,18,112.736869555268,0.10752688172043,9.67741935483871,0.606112201910041
"Coweeta - BS","NC","702",35.025,-83.458333,2018,151,59,59,6,6,146.840043785812,0.101694915254237,10.1694915254237,2.48881430145443
"Coweeta - BS","NC","702",35.025,-83.458333,2018,158,167,167,20,17,402.8146610646,0.119760479041916,10.1796407185629,2.41206383871018
"Coweeta - BS","NC","702",35.025,-83.458333,2018,165,113,120,11,9,122.064206071615,0.0916666666666667,7.5,1.01720171726345
"Coweeta - BS","NC","702",35.025,-83.458333,2018,172,161,161,26,21,1287.14224156726,0.161490683229814,13.0434782608696,7.99467230787115
"Coweeta - BS","NC","702",35.025,-83.458333,2018,179,137,137,34,28,316.362350833755,0.248175182481752,20.4379562043796,2.30921423966245
"Coweeta - BS","NC","702",35.025,-83.458333,2018,193,82,82,6,5,33.7078361995504,0.0731707317073171,6.09756097560976,0.411071173165249
"East Carolina University","NC","703",35.606393363404,-77.366304214415,2018,137,38,67,0,0,0,0,0,0
"East Carolina University","NC","703",35.606393363404,-77.366304214415,2018,144,38,75,0,0,0,0,0,0
"East Carolina University","NC","703",35.606393363404,-77.366304214415,2018,158,40,80,0,0,0,0,0,0
"East Carolina University","NC","703",35.606393363404,-77.366304214415,2018,165,40,79,0,0,0,0,0,0
"East Carolina University","NC","703",35.606393363404,-77.366304214415,2018,172,40,118,0,0,0,0,0,0
"East Carolina University","NC","703",35.606393363404,-77.366304214415,2018,186,40,80,0,0,0,0,0,0
"East Carolina University","NC","703",35.606393363404,-77.366304214415,2018,193,40,80,0,0,0,0,0,0
"East Carolina University","NC","703",35.606393363404,-77.366304214415,2018,200,40,81,0,0,0,0,0,0
"East Carolina University","NC","703",35.606393363404,-77.366304214415,2018,207,40,120,0,0,0,0,0,0
"Fernbank Forest","GA","729",33.77615094252,-84.321870803833,2019,137,25,25,0,0,0,0,0,0
"Fernbank Forest","GA","729",33.77615094252,-84.321870803833,2019,151,25,25,1,1,0.0774324583206101,0.04,4,0.00309729833282441
"Fernbank Forest","GA","729",33.77615094252,-84.321870803833,2019,165,25,25,1,1,3.6191135562836,0.04,4,0.144764542251344
"Fernbank Forest","GA","729",33.77615094252,-84.321870803833,2019,179,25,25,2,2,57.6314845411088,0.08,8,2.30525938164435
"Fernbank Forest","GA","729",33.77615094252,-84.321870803833,2019,186,25,25,2,2,32.4487542360904,0.08,8,1.29795016944362
"Fernbank Forest","GA","729",33.77615094252,-84.321870803833,2019,193,25,25,1,1,70.4568215584668,0.04,4,2.81827286233867
"Fernbank Forest","GA","729",33.77615094252,-84.321870803833,2019,200,25,25,2,1,85.4639145336684,0.08,4,3.41855658134673
"Fernbank Forest","GA","729",33.77615094252,-84.321870803833,2019,207,25,25,4,4,6.54294975577578,0.16,16,0.261717990231031
"Georgetown","DC","676",38.909602349623,-77.07900566587,2018,151,29,30,0,0,0,0,0,0
"Georgetown","DC","676",38.909602349623,-77.07900566587,2018,158,27,28,1,1,0.351053653781591,0.0357142857142857,3.57142857142857,0.0125376304921997
"Georgetown","DC","676",38.909602349623,-77.07900566587,2018,165,30,30,2,2,0.532445085653054,0.0666666666666667,6.66666666666667,0.0177481695217685
"Georgetown","DC","676",38.909602349623,-77.07900566587,2018,172,29,30,8,5,39.9359237319043,0.266666666666667,16.6666666666667,1.33119745773014
"Georgetown","DC","676",38.909602349623,-77.07900566587,2018,179,30,30,2,2,22.176135159025,0.0666666666666667,6.66666666666667,0.739204505300835
"Georgetown","DC","676",38.909602349623,-77.07900566587,2018,186,29,29,1,1,0.181391431871464,0.0344827586206897,3.44827586206897,0.00625487696108495
"Georgetown","DC","676",38.909602349623,-77.07900566587,2018,193,24,25,1,1,9.06098247158031,0.04,4,0.362439298863212
"Georgetown","DC","676",38.909602349623,-77.07900566587,2018,200,30,30,9,7,50.5581620750904,0.3,23.3333333333333,1.68527206916968
"Georgetown","DC","676",38.909602349623,-77.07900566587,2018,207,30,30,11,5,12.9325351787541,0.366666666666667,16.6666666666667,0.431084505958469
"Honeybee House","NC","702",36.008123652873,-80.396172181195,2020,144,30,50,0,0,0,0,0,0
"Honeybee House","NC","702",36.008123652873,-80.396172181195,2020,151,30,90,0,0,0,0,0,0
"Honeybee House","NC","702",36.008123652873,-80.396172181195,2020,165,30,89,0,0,0,0,0,0
"Honeybee House","NC","702",36.008123652873,-80.396172181195,2020,172,30,60,0,0,0,0,0,0
"Honeybee House","NC","702",36.008123652873,-80.396172181195,2020,186,30,60,0,0,0,0,0,0
"Honeybee House","NC","702",36.008123652873,-80.396172181195,2020,193,30,60,0,0,0,0,0,0
"Honeybee House","NC","702",36.008123652873,-80.396172181195,2020,200,30,60,0,0,0,0,0,0
"Honeybee House","NC","702",36.008123652873,-80.396172181195,2020,207,30,59,1,1,13.1225916032957,0.0169491525423729,1.69491525423729,0.22241680683552
"Inglewood area","SC","702",34.864489439311,-82.345790863037,2020,151,30,30,3,3,1.56533710193544,0.1,10,0.052177903397848
"Inglewood area","SC","702",34.864489439311,-82.345790863037,2020,158,28,29,1,1,0.0774324583206101,0.0344827586206897,3.44827586206897,0.00267008476967621
"Inglewood area","SC","702",34.864489439311,-82.345790863037,2020,165,28,28,0,0,0,0,0,0
"Inglewood area","SC","702",34.864489439311,-82.345790863037,2020,172,29,29,1,1,0.351053653781591,0.0344827586206897,3.44827586206897,0.0121052984062618
"Inglewood area","SC","702",34.864489439311,-82.345790863037,2020,179,27,29,7,3,2.45737557647114,0.241379310344828,10.3448275862069,0.0847370888438323
"Inglewood area","SC","702",34.864489439311,-82.345790863037,2020,186,28,28,13,4,17.2696215549896,0.464285714285714,14.2857142857143,0.616772198392487
"Inglewood area","SC","702",34.864489439311,-82.345790863037,2020,193,30,30,2,2,5.03291514981589,0.0666666666666667,6.66666666666667,0.167763838327196
"Inglewood area","SC","702",34.864489439311,-82.345790863037,2020,200,30,30,2,2,0.953156672503923,0.0666666666666667,6.66666666666667,0.0317718890834641
"Inglewood area","SC","702",34.864489439311,-82.345790863037,2020,207,30,30,61,2,57.9557045964407,2.03333333333333,6.66666666666667,1.93185681988136
"Kalamazoo Nature Center","MI","591",42.3604,-85.5836,2018,144,30,30,0,0,0,0,0,0
"Kalamazoo Nature Center","MI","591",42.3604,-85.5836,2018,151,30,30,1,1,9.06098247158031,0.0333333333333333,3.33333333333333,0.302032749052677
"Kalamazoo Nature Center","MI","591",42.3604,-85.5836,2018,158,30,30,2,2,47.0126281562705,0.0666666666666667,6.66666666666667,1.56708760520902
"Kalamazoo Nature Center","MI","591",42.3604,-85.5836,2018,165,30,31,0,0,0,0,0,0
"Kalamazoo Nature Center","MI","591",42.3604,-85.5836,2018,172,30,30,2,2,493.957834019749,0.0666666666666667,6.66666666666667,16.4652611339916
"Kalamazoo Nature Center","MI","591",42.3604,-85.5836,2018,179,30,30,3,1,63.6781249231518,0.1,3.33333333333333,2.12260416410506
"Kalamazoo Nature Center","MI","591",42.3604,-85.5836,2018,186,30,30,0,0,0,0,0,0
"Kalamazoo Nature Center","MI","591",42.3604,-85.5836,2018,193,30,30,0,0,0,0,0,0
"Kalamazoo Nature Center","MI","591",42.3604,-85.5836,2018,207,30,60,1,1,111.177933639711,0.0166666666666667,1.66666666666667,1.85296556066184
"Lillian Anderson Arboretum Fern Oak Site","MI","591",42.29328948726,-85.702333734838,2020,137,30,30,0,0,0,0,0,0
"Lillian Anderson Arboretum Fern Oak Site","MI","591",42.29328948726,-85.702333734838,2020,144,30,30,2,2,0.702107307563182,0.0666666666666667,6.66666666666667,0.0234035769187727
"Lillian Anderson Arboretum Fern Oak Site","MI","591",42.29328948726,-85.702333734838,2020,151,30,30,2,2,32.1936588265105,0.0666666666666667,6.66666666666667,1.07312196088368
"Lillian Anderson Arboretum Fern Oak Site","MI","591",42.29328948726,-85.702333734838,2020,158,29,30,1,1,9.06098247158031,0.0333333333333333,3.33333333333333,0.302032749052677
"Lillian Anderson Arboretum Fern Oak Site","MI","591",42.29328948726,-85.702333734838,2020,165,29,30,2,2,47.3730600855181,0.0666666666666667,6.66666666666667,1.5791020028506
"Lillian Anderson Arboretum Fern Oak Site","MI","591",42.29328948726,-85.702333734838,2020,172,29,30,1,1,21.2260416410506,0.0333333333333333,3.33333333333333,0.707534721368353
"Lillian Anderson Arboretum Fern Oak Site","MI","591",42.29328948726,-85.702333734838,2020,179,29,30,0,0,0,0,0,0
"Lillian Anderson Arboretum Fern Oak Site","MI","591",42.29328948726,-85.702333734838,2020,186,29,30,1,1,10.9676171854599,0.0333333333333333,3.33333333333333,0.365587239515331
"Lillian Anderson Arboretum Fern Oak Site","MI","591",42.29328948726,-85.702333734838,2020,193,28,30,1,1,24.5226922437458,0.0333333333333333,3.33333333333333,0.817423074791527
"Lillian Anderson Arboretum Fern Oak Site","MI","591",42.29328948726,-85.702333734838,2020,200,29,29,0,0,0,0,0,0
"Lillian Anderson Arboretum Fern Oak Site","MI","591",42.29328948726,-85.702333734838,2020,207,30,30,0,0,0,0,0,0
"Linda Loring Nature Foundation","MA","736",41.291998909614,-70.170192718506,2019,158,30,30,2,2,2.91113124976822,0.0666666666666667,6.66666666666667,0.0970377083256073
"Linda Loring Nature Foundation","MA","736",41.291998909614,-70.170192718506,2019,165,23,23,1,1,0.003,0.0434782608695652,4.34782608695652,0.000130434782608696
"Linda Loring Nature Foundation","MA","736",41.291998909614,-70.170192718506,2019,172,27,35,0,0,0,0,0,0
"Linda Loring Nature Foundation","MA","736",41.291998909614,-70.170192718506,2019,179,28,28,2,2,11.7907222894771,0.0714285714285714,7.14285714285714,0.421097224624181
"Linda Loring Nature Foundation","MA","736",41.291998909614,-70.170192718506,2019,186,30,30,0,0,0,0,0,0
"Linda Loring Nature Foundation","MA","736",41.291998909614,-70.170192718506,2019,200,29,29,0,0,0,0,0,0
"Linda Loring Nature Foundation","MA","736",41.291998909614,-70.170192718506,2019,207,30,30,1,1,0.602103018722332,0.0333333333333333,3.33333333333333,0.0200701006240777
"Litzsinger Road Ecology Center Woodland Site A","MO","645",38.624382910368,-90.376199371614,2019,137,19,19,0,0,0,0,0,0
"Litzsinger Road Ecology Center Woodland Site A","MO","645",38.624382910368,-90.376199371614,2019,151,19,19,1,1,21.2260416410506,0.0526315789473684,5.26315789473684,1.11716008637108
"Litzsinger Road Ecology Center Woodland Site A","MO","645",38.624382910368,-90.376199371614,2019,165,20,20,0,0,0,0,0,0
"Litzsinger Road Ecology Center Woodland Site A","MO","645",38.624382910368,-90.376199371614,2019,172,20,20,0,0,0,0,0,0
"Litzsinger Road Ecology Center Woodland Site A","MO","645",38.624382910368,-90.376199371614,2019,179,18,19,3,3,73.2005840704887,0.157894736842105,15.7894736842105,3.85266231949941
"Litzsinger Road Ecology Center Woodland Site A","MO","645",38.624382910368,-90.376199371614,2019,186,20,20,4,4,570.66535466659,0.2,20,28.5332677333295
"Litzsinger Road Ecology Center Woodland Site A","MO","645",38.624382910368,-90.376199371614,2019,193,20,20,7,1,4.76525995436301,0.35,5,0.23826299771815
"Litzsinger Road Ecology Center Woodland Site A","MO","645",38.624382910368,-90.376199371614,2019,200,19,20,5,1,13.5951395479513,0.25,5,0.679756977397563
"Litzsinger Road Ecology Center Woodland Site A","MO","645",38.624382910368,-90.376199371614,2019,207,19,19,2,2,8.66281202969887,0.105263157894737,10.5263157894737,0.455937475247309
"Mass Audubon's Boston Nature Center","MA","595",42.286004028739,-71.099689938102,2018,165,29,31,5,5,65.4655181666181,0.161290322580645,16.1290322580645,2.11179090860058
"Mass Audubon's Boston Nature Center","MA","595",42.286004028739,-71.099689938102,2018,172,29,30,1,1,0.0774324583206101,0.0333333333333333,3.33333333333333,0.00258108194402034
"Mass Audubon's Boston Nature Center","MA","595",42.286004028739,-71.099689938102,2018,179,22,28,0,0,0,0,0,0
"Mass Audubon's Boston Nature Center","MA","595",42.286004028739,-71.099689938102,2018,186,27,28,0,0,0,0,0,0
"Mass Audubon's Boston Nature Center","MA","595",42.286004028739,-71.099689938102,2018,200,27,27,0,0,0,0,0,0
"Mass Audubon's Boston Nature Center","MA","595",42.286004028739,-71.099689938102,2018,207,24,24,1,1,0.351053653781591,0.0416666666666667,4.16666666666667,0.014627235574233
"Mass Audubon's Boston Nature Center","MA","595",42.286004028739,-71.099689938102,2019,165,30,30,1,1,2.72973981789676,0.0333333333333333,3.33333333333333,0.0909913272632252
"Mass Audubon's Boston Nature Center","MA","595",42.286004028739,-71.099689938102,2019,172,29,29,1,1,0.351053653781591,0.0344827586206897,3.44827586206897,0.0121052984062618
"Mass Audubon's Boston Nature Center","MA","595",42.286004028739,-71.099689938102,2019,179,30,30,0,0,0,0,0,0
"Mass Audubon's Boston Nature Center","MA","595",42.286004028739,-71.099689938102,2019,186,30,30,0,0,0,0,0,0
"Mass Audubon's Boston Nature Center","MA","595",42.286004028739,-71.099689938102,2019,193,25,25,2,2,1.59186361716568,0.08,8,0.0636745446866273
"Mass Audubon's Boston Nature Center","MA","595",42.286004028739,-71.099689938102,2019,200,24,25,2,2,1.30114717175603,0.08,8,0.0520458868702411
"Mass Audubon's Boston Nature Center","MA","595",42.286004028739,-71.099689938102,2019,207,24,24,0,0,0,0,0,0
"Museum of American Bird Art","MA","595",42.163219926543,-71.139992349488,2018,158,30,30,11,8,102.518945519314,0.366666666666667,26.6666666666667,3.41729818397712
"Museum of American Bird Art","MA","595",42.163219926543,-71.139992349488,2018,165,30,30,9,7,582.03053200387,0.3,23.3333333333333,19.4010177334623
"Museum of American Bird Art","MA","595",42.163219926543,-71.139992349488,2018,172,30,30,8,6,14.9987306103111,0.266666666666667,20,0.499957687010371
"Museum of American Bird Art","MA","595",42.163219926543,-71.139992349488,2018,186,30,30,5,4,13.3560593914125,0.166666666666667,13.3333333333333,0.44520197971375
"Museum of American Bird Art","MA","595",42.163219926543,-71.139992349488,2018,193,30,30,2,2,0.362782863742927,0.0666666666666667,6.66666666666667,0.0120927621247642
"Museum of American Bird Art","MA","595",42.163219926543,-71.139992349488,2018,200,30,30,11,7,1.36730105361372,0.366666666666667,23.3333333333333,0.0455767017871239
"Museum of American Bird Art","MA","595",42.163219926543,-71.139992349488,2019,158,29,31,29,13,64.4891803991877,0.935483870967742,41.9354838709677,2.08029614190928
"Museum of American Bird Art","MA","595",42.163219926543,-71.139992349488,2019,165,28,31,9,4,21.8455013076155,0.290322580645161,12.9032258064516,0.704693590568241
"Museum of American Bird Art","MA","595",42.163219926543,-71.139992349488,2019,172,24,27,2,2,1.59186361716568,0.0740740740740741,7.40740740740741,0.0589579117468771
"Museum of American Bird Art","MA","595",42.163219926543,-71.139992349488,2019,186,23,23,2,2,2.80717227621737,0.0869565217391304,8.69565217391304,0.12205096853119
"Museum of American Bird Art","MA","595",42.163219926543,-71.139992349488,2019,193,24,24,8,6,3.05109651203753,0.333333333333333,25,0.127129021334897
"Museum of American Bird Art","MA","595",42.163219926543,-71.139992349488,2019,200,22,22,8,3,0.200070176878372,0.363636363636364,13.6363636363636,0.00909409894901693
"NC Botanical Garden","NC","703",35.8994,-79.0339,2015,137,39,89,1,1,0.351053653781591,0.0112359550561798,1.12359550561798,0.00394442307619765
"NC Botanical Garden","NC","703",35.8994,-79.0339,2015,144,40,162,4,4,26.1919883192321,0.0246913580246914,2.46913580246914,0.161678940242173
"NC Botanical Garden","NC","703",35.8994,-79.0339,2015,151,40,161,5,5,8.54282001006837,0.031055900621118,3.1055900621118,0.0530609938513563
"NC Botanical Garden","NC","703",35.8994,-79.0339,2015,158,40,162,24,18,62.6997250503232,0.148148148148148,11.1111111111111,0.38703533981681
"NC Botanical Garden","NC","703",35.8994,-79.0339,2015,165,40,162,50,32,95.4469321788187,0.308641975308642,19.7530864197531,0.589178593696412
"NC Botanical Garden","NC","703",35.8994,-79.0339,2015,172,40,160,19,15,46.2297588319021,0.11875,9.375,0.288935992699388
"NC Botanical Garden","NC","703",35.8994,-79.0339,2015,179,40,153,22,15,76.0958739758728,0.143790849673203,9.80392156862745,0.497358653437077
"NC Botanical Garden","NC","703",35.8994,-79.0339,2015,186,40,160,11,9,68.8332164060134,0.06875,5.625,0.430207602537584
"NC Botanical Garden","NC","703",35.8994,-79.0339,2015,193,40,79,2,2,1.76152583907581,0.0253164556962025,2.53164556962025,0.0222977954313394
"NC Botanical Garden","NC","703",35.8994,-79.0339,2015,200,40,161,11,11,43.2851062269373,0.0683229813664596,6.83229813664596,0.26885159147166
"NC Botanical Garden","NC","703",35.8994,-79.0339,2016,137,40,119,1,1,0.950093517974437,0.00840336134453781,0.840336134453782,0.00798397914264233
"NC Botanical Garden","NC","703",35.8994,-79.0339,2016,144,40,152,11,3,7.49495482734594,0.0723684210526316,1.97368421052632,0.0493089133378022
"NC Botanical Garden","NC","703",35.8994,-79.0339,2016,151,40,160,1,1,1.41047218529422,0.00625,0.625,0.00881545115808887
"NC Botanical Garden","NC","703",35.8994,-79.0339,2016,158,40,160,8,5,43.9203260639282,0.05,3.125,0.274502037899551
"NC Botanical Garden","NC","703",35.8994,-79.0339,2016,165,40,160,9,8,27.3526671270541,0.05625,5,0.170954169544088
"NC Botanical Garden","NC","703",35.8994,-79.0339,2016,172,40,160,20,10,66.3107233736229,0.125,6.25,0.414442021085143
"NC Botanical Garden","NC","703",35.8994,-79.0339,2016,179,40,80,5,5,42.4057482145514,0.0625,6.25,0.530071852681892
"NC Botanical Garden","NC","703",35.8994,-79.0339,2016,186,40,160,12,12,175.894260789565,0.075,7.5,1.09933912993478
"NC Botanical Garden","NC","703",35.8994,-79.0339,2016,193,39,79,3,3,11.421548174849,0.0379746835443038,3.79746835443038,0.144576559175303
"NC Botanical Garden","NC","703",35.8994,-79.0339,2016,200,40,158,3,3,24.5578844776697,0.0189873417721519,1.89873417721519,0.155429648592846
"NC Botanical Garden","NC","703",35.8994,-79.0339,2017,137,40,115,5,4,1.84532146737042,0.0434782608695652,3.47826086956522,0.016046273629308
"NC Botanical Garden","NC","703",35.8994,-79.0339,2017,144,40,119,5,5,24.8979030929109,0.0420168067226891,4.20168067226891,0.209226076411016
"NC Botanical Garden","NC","703",35.8994,-79.0339,2017,151,40,159,6,6,21.1308131488393,0.0377358490566038,3.77358490566038,0.13289819590465
"NC Botanical Garden","NC","703",35.8994,-79.0339,2017,158,40,80,3,3,5.63501816853822,0.0375,3.75,0.0704377271067278
"NC Botanical Garden","NC","703",35.8994,-79.0339,2017,165,40,160,24,14,86.4586498354662,0.15,8.75,0.540366561471664
"NC Botanical Garden","NC","703",35.8994,-79.0339,2017,172,40,160,13,13,186.992279614009,0.08125,8.125,1.16870174758755
"NC Botanical Garden","NC","703",35.8994,-79.0339,2017,179,40,158,16,16,296.924370506687,0.10126582278481,10.126582278481,1.87926816776384
"NC Botanical Garden","NC","703",35.8994,-79.0339,2017,186,40,80,3,3,98.7110404855771,0.0375,3.75,1.23388800606971
"NC Botanical Garden","NC","703",35.8994,-79.0339,2017,193,40,157,16,15,175.950168744455,0.101910828025478,9.55414012738854,1.12070171174812
"NC Botanical Garden","NC","703",35.8994,-79.0339,2017,200,40,159,7,7,247.687640446073,0.0440251572327044,4.40251572327044,1.55778390217656
"NC Botanical Garden","NC","703",35.8994,-79.0339,2018,137,40,161,3,3,15.7995961908356,0.0186335403726708,1.86335403726708,0.0981341378312769
"NC Botanical Garden","NC","703",35.8994,-79.0339,2018,144,40,160,2,2,5.45947963579351,0.0125,1.25,0.0341217477237094
"NC Botanical Garden","NC","703",35.8994,-79.0339,2018,151,40,159,4,4,13.5575488298529,0.0251572327044025,2.51572327044025,0.0852676027034774
"NC Botanical Garden","NC","703",35.8994,-79.0339,2018,158,40,160,12,12,90.3680276264931,0.075,7.5,0.564800172665582
"NC Botanical Garden","NC","703",35.8994,-79.0339,2018,165,40,160,10,8,51.8279068425967,0.0625,5,0.323924417766229
"NC Botanical Garden","NC","703",35.8994,-79.0339,2018,172,40,160,10,10,17.580801547197,0.0625,6.25,0.109880009669981
"NC Botanical Garden","NC","703",35.8994,-79.0339,2018,179,40,160,12,11,102.181957958677,0.075,6.875,0.638637237241734
"NC Botanical Garden","NC","703",35.8994,-79.0339,2018,186,40,160,29,22,249.920593502758,0.18125,13.75,1.56200370939224
"NC Botanical Garden","NC","703",35.8994,-79.0339,2018,193,40,160,15,14,54.7389662092783,0.09375,8.75,0.34211853880799
"NC Botanical Garden","NC","703",35.8994,-79.0339,2018,200,40,160,14,12,192.987869626796,0.0875,7.5,1.20617418516748
"NC Botanical Garden","NC","703",35.8994,-79.0339,2019,137,40,160,12,11,195.238962826853,0.075,6.875,1.22024351766783
"NC Botanical Garden","NC","703",35.8994,-79.0339,2019,144,40,158,14,14,118.990691256929,0.0886075949367089,8.86075949367089,0.753105640866639
"NC Botanical Garden","NC","703",35.8994,-79.0339,2019,151,40,79,5,4,26.9443451670362,0.0632911392405063,5.06329113924051,0.34106766034223
"NC Botanical Garden","NC","703",35.8994,-79.0339,2019,158,40,160,16,14,128.590513114024,0.1,8.75,0.80369070696265
"NC Botanical Garden","NC","703",35.8994,-79.0339,2019,165,40,158,24,21,257.215904159888,0.151898734177215,13.2911392405063,1.62794876050562
"NC Botanical Garden","NC","703",35.8994,-79.0339,2019,172,40,158,19,18,436.975469171723,0.120253164556962,11.3924050632911,2.76566752640331
"NC Botanical Garden","NC","703",35.8994,-79.0339,2019,179,40,160,22,20,296.163817556408,0.1375,12.5,1.85102385972755
"NC Botanical Garden","NC","703",35.8994,-79.0339,2019,186,40,160,15,14,281.955672862423,0.09375,8.75,1.76222295539014
"NC Botanical Garden","NC","703",35.8994,-79.0339,2019,193,40,160,12,12,364.727781197569,0.075,7.5,2.27954863248481
"NC Botanical Garden","NC","703",35.8994,-79.0339,2019,200,40,160,7,7,196.104280627572,0.04375,4.375,1.22565175392232
"NC Botanical Garden","NC","703",35.8994,-79.0339,2020,137,40,80,1,1,0.950093517974437,0.0125,1.25,0.0118761689746805
"NC Botanical Garden","NC","703",35.8994,-79.0339,2020,144,40,40,1,1,1.99859520052434,0.025,2.5,0.0499648800131085
"NC Botanical Garden","NC","703",35.8994,-79.0339,2020,151,39,39,0,0,0,0,0,0
"NC Botanical Garden","NC","703",35.8994,-79.0339,2020,158,40,40,0,0,0,0,0,0
"NC Botanical Garden","NC","703",35.8994,-79.0339,2020,165,40,40,1,1,0.351053653781591,0.025,2.5,0.00877634134453977
"NC Botanical Garden","NC","703",35.8994,-79.0339,2020,172,40,40,0,0,0,0,0,0
"NC Botanical Garden","NC","703",35.8994,-79.0339,2020,179,40,40,1,1,0.181391431871464,0.025,2.5,0.00453478579678659
"NC Botanical Garden","NC","703",35.8994,-79.0339,2020,186,40,40,2,2,11.7907222894771,0.05,5,0.294768057236927
"NC Botanical Garden","NC","703",35.8994,-79.0339,2020,193,40,40,2,2,28.6633639039392,0.05,5,0.71658409759848
"NC Botanical Garden","NC","703",35.8994,-79.0339,2020,200,40,40,0,0,0,0,0,0
"NC State University","NC","703",35.781071715192,-78.67546810402,2018,137,28,28,0,0,0,0,0,0
"NC State University","NC","703",35.781071715192,-78.67546810402,2018,151,28,28,0,0,0,0,0,0
"NC State University","NC","703",35.781071715192,-78.67546810402,2018,158,28,29,0,0,0,0,0,0
"NC State University","NC","703",35.781071715192,-78.67546810402,2018,172,29,29,0,0,0,0,0,0
"NC State University","NC","703",35.781071715192,-78.67546810402,2018,193,28,28,0,0,0,0,0,0
"NC State University","NC","703",35.781071715192,-78.67546810402,2018,200,27,27,0,0,0,0,0,0
"Occoquan Forest","VA","676",38.724894002151,-77.388896942139,2020,137,19,19,0,0,0,0,0,0
"Occoquan Forest","VA","676",38.724894002151,-77.388896942139,2020,144,24,24,0,0,0,0,0,0
"Occoquan Forest","VA","676",38.724894002151,-77.388896942139,2020,151,25,26,1,1,21.2260416410506,0.0384615384615385,3.84615384615385,0.816386216963485
"Occoquan Forest","VA","676",38.724894002151,-77.388896942139,2020,158,23,23,0,0,0,0,0,0
"Occoquan Forest","VA","676",38.724894002151,-77.388896942139,2020,165,25,25,6,4,4.51483818143283,0.24,16,0.180593527257313
"Occoquan Forest","VA","676",38.724894002151,-77.388896942139,2020,172,25,25,1,1,0.602103018722332,0.04,4,0.0240841207488933
"Occoquan Forest","VA","676",38.724894002151,-77.388896942139,2020,179,20,20,2,2,1.20420603744466,0.1,10,0.0602103018722332
"Occoquan Forest","VA","676",38.724894002151,-77.388896942139,2020,193,23,23,4,4,3.13314330489973,0.173913043478261,17.3913043478261,0.136223621952162
"Occoquan Forest","VA","676",38.724894002151,-77.388896942139,2020,200,25,25,3,3,4476.22999347112,0.12,12,179.049199738845
"Occoquan Forest","VA","676",38.724894002151,-77.388896942139,2020,207,23,23,0,0,0,0,0,0
"Oregon Ridge Nature Center","MD","649",39.488104581379,-76.690374462042,2019,137,30,30,0,0,0,0,0,0
"Oregon Ridge Nature Center","MD","649",39.488104581379,-76.690374462042,2019,144,30,30,0,0,0,0,0,0
"Oregon Ridge Nature Center","MD","649",39.488104581379,-76.690374462042,2019,158,30,30,0,0,0,0,0,0
"Oregon Ridge Nature Center","MD","649",39.488104581379,-76.690374462042,2019,165,25,26,7,2,9.07373586663681,0.269230769230769,7.69230769230769,0.348989841024493
"Oregon Ridge Nature Center","MD","649",39.488104581379,-76.690374462042,2019,172,29,29,15,6,11.5989284105924,0.517241379310345,20.6896551724138,0.399963048641118
"Oregon Ridge Nature Center","MD","649",39.488104581379,-76.690374462042,2019,179,25,27,1,1,0.181391431871464,0.037037037037037,3.7037037037037,0.00671820118042458
"Prairie Ridge Ecostation","NC","703",35.8117,-78.7139,2015,137,50,184,7,7,255.523862040895,0.0380434782608696,3.80434782608696,1.3887166415266
"Prairie Ridge Ecostation","NC","703",35.8117,-78.7139,2015,144,60,265,5,5,15.6857612385619,0.0188679245283019,1.88679245283019,0.0591915518436298
"Prairie Ridge Ecostation","NC","703",35.8117,-78.7139,2015,151,60,281,14,13,61.845669078995,0.0498220640569395,4.62633451957295,0.22009134903557
"Prairie Ridge Ecostation","NC","703",35.8117,-78.7139,2015,158,60,361,14,14,126.564562137631,0.038781163434903,3.8781163434903,0.350594354951886
"Prairie Ridge Ecostation","NC","703",35.8117,-78.7139,2015,165,60,280,33,25,237.13114374865,0.117857142857143,8.92857142857143,0.846896941959463
"Prairie Ridge Ecostation","NC","703",35.8117,-78.7139,2015,172,60,356,49,42,611.265331015161,0.137640449438202,11.7977528089888,1.7170374466718
"Prairie Ridge Ecostation","NC","703",35.8117,-78.7139,2015,179,60,318,35,28,422.662962100978,0.110062893081761,8.80503144654088,1.32912881163829
"Prairie Ridge Ecostation","NC","703",35.8117,-78.7139,2015,186,60,320,83,28,417.463258937382,0.259375,8.75,1.30457268417932
"Prairie Ridge Ecostation","NC","703",35.8117,-78.7139,2015,193,60,358,309,20,155.652414122929,0.863128491620112,5.58659217877095,0.434783279672985
"Prairie Ridge Ecostation","NC","703",35.8117,-78.7139,2015,200,60,361,603,31,393.748233558752,1.67036011080332,8.58725761772853,1.0907153284176
"Prairie Ridge Ecostation","NC","703",35.8117,-78.7139,2016,137,59,121,2,2,1.55219653669677,0.0165289256198347,1.65289256198347,0.012828070551213
"Prairie Ridge Ecostation","NC","703",35.8117,-78.7139,2016,144,60,120,4,4,63.0890920361128,0.0333333333333333,3.33333333333333,0.525742433634273
"Prairie Ridge Ecostation","NC","703",35.8117,-78.7139,2016,151,60,172,9,9,30.4436621887654,0.0523255813953488,5.23255813953488,0.176998035981194
"Prairie Ridge Ecostation","NC","703",35.8117,-78.7139,2016,158,60,249,21,18,96.0296934750133,0.0843373493975904,7.2289156626506,0.385661419578367
"Prairie Ridge Ecostation","NC","703",35.8117,-78.7139,2016,165,60,309,33,32,281.262349572946,0.106796116504854,10.3559870550162,0.910234141012769
"Prairie Ridge Ecostation","NC","703",35.8117,-78.7139,2016,172,60,320,45,39,862.757671229117,0.140625,12.1875,2.69611772259099
"Prairie Ridge Ecostation","NC","703",35.8117,-78.7139,2016,179,60,280,23,18,804.989817903053,0.0821428571428571,6.42857142857143,2.87496363536805
"Prairie Ridge Ecostation","NC","703",35.8117,-78.7139,2016,186,60,120,14,10,90.4801885480467,0.116666666666667,8.33333333333333,0.754001571233722
"Prairie Ridge Ecostation","NC","703",35.8117,-78.7139,2016,193,60,283,31,28,369.576935821744,0.109540636042403,9.89399293286219,1.30592556827471
"Prairie Ridge Ecostation","NC","703",35.8117,-78.7139,2016,200,60,239,187,25,441.139198054223,0.782426778242678,10.4602510460251,1.84577070315574
"Prairie Ridge Ecostation","NC","703",35.8117,-78.7139,2017,137,60,119,7,6,114.118323732203,0.0588235294117647,5.04201680672269,0.958977510354646
"Prairie Ridge Ecostation","NC","703",35.8117,-78.7139,2017,144,60,124,10,9,120.315147864494,0.0806451612903226,7.25806451612903,0.970283450520113
"Prairie Ridge Ecostation","NC","703",35.8117,-78.7139,2017,151,60,120,20,17,196.401747332614,0.166666666666667,14.1666666666667,1.63668122777178
"Prairie Ridge Ecostation","NC","703",35.8117,-78.7139,2017,158,60,120,14,14,258.223983753266,0.116666666666667,11.6666666666667,2.15186653127722
"Prairie Ridge Ecostation","NC","703",35.8117,-78.7139,2017,165,44,89,12,11,244.545491675877,0.134831460674157,12.3595505617978,2.74770215366153
"Prairie Ridge Ecostation","NC","703",35.8117,-78.7139,2017,172,60,120,16,16,446.305076194299,0.133333333333333,13.3333333333333,3.71920896828583
"Prairie Ridge Ecostation","NC","703",35.8117,-78.7139,2017,179,60,120,13,12,313.582060667926,0.108333333333333,10,2.61318383889938
"Prairie Ridge Ecostation","NC","703",35.8117,-78.7139,2017,186,60,114,15,15,256.409904337192,0.131578947368421,13.1578947368421,2.24920968716835
"Prairie Ridge Ecostation","NC","703",35.8117,-78.7139,2017,193,60,120,9,8,589.210081245625,0.075,6.66666666666667,4.91008401038021
"Prairie Ridge Ecostation","NC","703",35.8117,-78.7139,2017,200,60,120,14,13,83.1942955538445,0.116666666666667,10.8333333333333,0.693285796282037
"Prairie Ridge Ecostation","NC","703",35.8117,-78.7139,2018,137,60,240,12,11,8.74130451557042,0.05,4.58333333333333,0.0364221021482101
"Prairie Ridge Ecostation","NC","703",35.8117,-78.7139,2018,144,60,240,9,8,124.750058645452,0.0375,3.33333333333333,0.519791911022716
"Prairie Ridge Ecostation","NC","703",35.8117,-78.7139,2018,151,60,122,22,15,103.137642739388,0.180327868852459,12.2950819672131,0.84539051425728
"Prairie Ridge Ecostation","NC","703",35.8117,-78.7139,2018,158,60,241,20,19,204.293343811581,0.0829875518672199,7.88381742738589,0.847690223284568
"Prairie Ridge Ecostation","NC","703",35.8117,-78.7139,2018,165,60,240,16,16,85.1316936958554,0.0666666666666667,6.66666666666667,0.354715390399398
"Prairie Ridge Ecostation","NC","703",35.8117,-78.7139,2018,172,60,239,61,41,425.552738708279,0.255230125523013,17.1548117154812,1.78055539208485
"Prairie Ridge Ecostation","NC","703",35.8117,-78.7139,2018,179,61,239,40,32,640.832796649453,0.167364016736402,13.3891213389121,2.68130877259185
"Prairie Ridge Ecostation","NC","703",35.8117,-78.7139,2018,186,60,240,298,38,658.179041113713,1.24166666666667,15.8333333333333,2.74241267130714
"Prairie Ridge Ecostation","NC","703",35.8117,-78.7139,2018,193,60,240,582,34,1542.12492061027,2.425,14.1666666666667,6.42552050254279
"Prairie Ridge Ecostation","NC","703",35.8117,-78.7139,2018,200,60,239,424,35,1234.27166622141,1.77405857740586,14.6443514644351,5.16431659506866
"Prairie Ridge Ecostation","NC","703",35.8117,-78.7139,2019,137,61,240,16,14,118.155908452695,0.0666666666666667,5.83333333333333,0.492316285219561
"Prairie Ridge Ecostation","NC","703",35.8117,-78.7139,2019,144,60,240,22,21,205.21516205177,0.0916666666666667,8.75,0.855063175215708
"Prairie Ridge Ecostation","NC","703",35.8117,-78.7139,2019,151,60,240,40,35,326.571701526306,0.166666666666667,14.5833333333333,1.36071542302628
"Prairie Ridge Ecostation","NC","703",35.8117,-78.7139,2019,158,60,240,45,38,291.471831218663,0.1875,15.8333333333333,1.21446596341109
"Prairie Ridge Ecostation","NC","703",35.8117,-78.7139,2019,165,60,240,68,52,887.229484731342,0.283333333333333,21.6666666666667,3.69678951971392
"Prairie Ridge Ecostation","NC","703",35.8117,-78.7139,2019,172,60,239,48,40,666.913621191705,0.200836820083682,16.7364016736402,2.79043356147157
"Prairie Ridge Ecostation","NC","703",35.8117,-78.7139,2019,179,60,240,43,37,578.748247752828,0.179166666666667,15.4166666666667,2.41145103230345
"Prairie Ridge Ecostation","NC","703",35.8117,-78.7139,2019,186,60,115,94,18,169.91300575887,0.817391304347826,15.6521739130435,1.47750439790322
"Prairie Ridge Ecostation","NC","703",35.8117,-78.7139,2019,193,60,229,49,36,1046.63795770499,0.213973799126638,15.7205240174672,4.57047143102615
"Prairie Ridge Ecostation","NC","703",35.8117,-78.7139,2019,200,60,229,69,35,513.376539696618,0.301310043668122,15.2838427947598,2.24181895064025
"RVCC","ON","593",43.81900252918,-79.170878351185,2018,158,50,85,1,1,1.41047218529422,0.0117647058823529,1.17647058823529,0.0165937904152261
"RVCC","ON","593",43.81900252918,-79.170878351185,2018,165,49,52,4,3,27.0365749306257,0.0769230769230769,5.76923076923077,0.519934133281264
"RVCC","ON","593",43.81900252918,-79.170878351185,2018,186,49,50,3,3,2.96266872199099,0.06,6,0.0592533744398198
"RVCC","ON","593",43.81900252918,-79.170878351185,2018,193,50,51,7,6,17.9406310016922,0.137254901960784,11.7647058823529,0.351777078464553
"RVCC","ON","593",43.81900252918,-79.170878351185,2018,200,49,50,0,0,0,0,0,0
"RVCC","ON","593",43.81900252918,-79.170878351185,2018,207,50,50,1,1,2.72973981789676,0.02,2,0.0545947963579351
"RVCC","ON","593",43.81900252918,-79.170878351185,2019,158,46,46,1,1,1.99859520052434,0.0217391304347826,2.17391304347826,0.0434477217505292
"RVCC","ON","593",43.81900252918,-79.170878351185,2019,179,50,50,0,0,0,0,0,0
"RVCC","ON","593",43.81900252918,-79.170878351185,2019,186,50,50,7,6,32.2508815123131,0.14,12,0.645017630246261
"RVCC","ON","593",43.81900252918,-79.170878351185,2019,193,50,50,2,2,9.4120361253619,0.04,4,0.188240722507238
"RVCC","ON","593",43.81900252918,-79.170878351185,2019,200,50,50,0,0,0,0,0,0
"RVCC","ON","593",43.81900252918,-79.170878351185,2019,207,50,50,3,3,5.07938867220269,0.06,6,0.101587773444054
"Sault College","ON","564",46.534499045766,-84.30692999308,2018,151,49,49,5,5,79.2481440308794,0.102040816326531,10.2040816326531,1.61730906185468
"Sault College","ON","564",46.534499045766,-84.30692999308,2018,158,49,50,28,17,64.4127116935445,0.56,34,1.28825423387089
"Sault College","ON","564",46.534499045766,-84.30692999308,2018,172,50,50,29,10,1719.37557065357,0.58,20,34.3875114130714
"Sault College","ON","564",46.534499045766,-84.30692999308,2018,186,48,50,2,2,3.08079347167835,0.04,4,0.0616158694335669
"Sault College","ON","564",46.534499045766,-84.30692999308,2018,200,50,50,3,3,328.670752885369,0.06,6,6.57341505770737
"Sault College","ON","564",46.534499045766,-84.30692999308,2018,207,50,50,3,3,4.32160343506244,0.06,6,0.0864320687012488
"UNC Chapel Hill Campus","NC","703",35.909876654033,-79.049644020807,2018,137,58,120,1,1,0.351053653781591,0.00833333333333333,0.833333333333333,0.00292544711484659
"UNC Chapel Hill Campus","NC","703",35.909876654033,-79.049644020807,2018,144,59,121,2,2,6.01050467012273,0.0165289256198347,1.65289256198347,0.0496735923150639
"UNC Chapel Hill Campus","NC","703",35.909876654033,-79.049644020807,2018,151,60,121,3,3,21.4307606166336,0.0247933884297521,2.47933884297521,0.17711372410441
"UNC Chapel Hill Campus","NC","703",35.909876654033,-79.049644020807,2018,158,60,120,1,1,0.602103018722332,0.00833333333333333,0.833333333333333,0.00501752515601944
"UNC Chapel Hill Campus","NC","703",35.909876654033,-79.049644020807,2018,165,60,119,2,2,1.48790464361483,0.0168067226890756,1.68067226890756,0.0125034003665112
"UNC Chapel Hill Campus","NC","703",35.909876654033,-79.049644020807,2018,172,60,120,9,4,30.6597053563086,0.075,3.33333333333333,0.255497544635905
"UNC Chapel Hill Campus","NC","703",35.909876654033,-79.049644020807,2018,179,60,120,2,1,2.01257520401655,0.0166666666666667,0.833333333333333,0.0167714600334713
"UNC Chapel Hill Campus","NC","703",35.909876654033,-79.049644020807,2018,193,60,120,0,0,0,0,0,0
"UNC Chapel Hill Campus","NC","703",35.909876654033,-79.049644020807,2018,200,59,118,0,0,0,0,0,0
"UNC Chapel Hill Campus","NC","703",35.909876654033,-79.049644020807,2018,207,56,116,0,0,0,0,0,0
"UNC Chapel Hill Campus","NC","703",35.909876654033,-79.049644020807,2019,137,58,114,1,1,0.0774324583206101,0.0087719298245614,0.87719298245614,0.000679232090531668
"UNC Chapel Hill Campus","NC","703",35.909876654033,-79.049644020807,2019,144,60,120,0,0,0,0,0,0
"UNC Chapel Hill Campus","NC","703",35.909876654033,-79.049644020807,2019,151,60,120,1,1,0.181391431871464,0.00833333333333333,0.833333333333333,0.00151159526559553
"UNC Chapel Hill Campus","NC","703",35.909876654033,-79.049644020807,2019,158,60,120,0,0,0,0,0,0
"UNC Chapel Hill Campus","NC","703",35.909876654033,-79.049644020807,2019,165,60,120,4,4,11.5632725262515,0.0333333333333333,3.33333333333333,0.0963606043854293
"UNC Chapel Hill Campus","NC","703",35.909876654033,-79.049644020807,2019,172,59,118,0,0,0,0,0,0
"UNC Chapel Hill Campus","NC","703",35.909876654033,-79.049644020807,2019,179,60,120,3,2,4.28193635459352,0.025,1.66666666666667,0.035682802954946
"UNC Chapel Hill Campus","NC","703",35.909876654033,-79.049644020807,2019,186,60,120,2,2,18.2705121185403,0.0166666666666667,1.66666666666667,0.152254267654502
"UNC Chapel Hill Campus","NC","703",35.909876654033,-79.049644020807,2019,193,60,120,2,2,20.9667298168158,0.0166666666666667,1.66666666666667,0.174722748473465
"UNC Chapel Hill Campus","NC","703",35.909876654033,-79.049644020807,2019,200,59,118,0,0,0,0,0,0
"UNC Chapel Hill Campus","NC","703",35.909876654033,-79.049644020807,2019,207,60,120,1,1,10.9676171854599,0.00833333333333333,0.833333333333333,0.0913968098788328
"University of Pittsburgh","PA","648",40.446057779979,-79.953028498109,2019,151,52,54,4,1,281.827286233867,0.0740740740740741,1.85185185185185,5.21902381914569
"University of Pittsburgh","PA","648",40.446057779979,-79.953028498109,2019,158,52,53,0,0,0,0,0,0
"University of Pittsburgh","PA","648",40.446057779979,-79.953028498109,2019,165,50,50,0,0,0,0,0,0
"University of Pittsburgh","PA","648",40.446057779979,-79.953028498109,2019,172,44,46,0,0,0,0,0,0
"University of Pittsburgh","PA","648",40.446057779979,-79.953028498109,2019,179,48,49,0,0,0,0,0,0
"University of Pittsburgh","PA","648",40.446057779979,-79.953028498109,2019,193,27,39,1,1,14140.7549833112,0.0256410256410256,2.56410256410256,362.583461110543
"University of Pittsburgh","PA","648",40.446057779979,-79.953028498109,2019,200,40,40,0,0,0,0,0,0
"University of Pittsburgh","PA","648",40.446057779979,-79.953028498109,2019,207,40,41,0,0,0,0,0,0
"Walker Nature Center","VA","676",38.925767408682,-77.341531666344,2019,165,20,20,0,0,0,0,0,0
"Walker Nature Center","VA","676",38.925767408682,-77.341531666344,2019,172,20,20,2,2,11.5697202041823,0.1,10,0.578486010209114
"Walker Nature Center","VA","676",38.925767408682,-77.341531666344,2019,186,20,20,4,3,35.7465037484244,0.2,15,1.78732518742122
"Walker Nature Center","VA","676",38.925767408682,-77.341531666344,2019,193,20,20,4,4,13.866749948322,0.2,20,0.693337497416101
"Walker Nature Center","VA","676",38.925767408682,-77.341531666344,2019,200,19,19,2,2,5.63195501400874,0.105263157894737,10.5263157894737,0.296418684947828
"Walker Nature Center","VA","676",38.925767408682,-77.341531666344,2019,207,20,20,5,4,358.79971310984,0.25,20,17.939985655492
"Walker Nature Center","VA","676",38.925767408682,-77.341531666344,2020,165,20,29,0,0,0,0,0,0
"Walker Nature Center","VA","676",38.925767408682,-77.341531666344,2020,179,20,20,0,0,0,0,0,0
"Walker Nature Center","VA","676",38.925767408682,-77.341531666344,2020,186,20,20,1,1,0.003,0.05,5,0.00015
"Walker Nature Center","VA","676",38.925767408682,-77.341531666344,2020,193,20,20,1,1,3.6191135562836,0.05,5,0.18095567781418
"Walker Nature Center","VA","676",38.925767408682,-77.341531666344,2020,200,19,19,0,0,0,0,0,0
"Walker Nature Center","VA","676",38.925767408682,-77.341531666344,2020,207,20,20,0,0,0,0,0,0
"Woodland Edge Ravine","OH","647",39.037932434365,-83.091851288506,2020,137,22,26,4,3,0.0933101748462098,0.153846153846154,11.5384615384615,0.00358885287870038
"Woodland Edge Ravine","OH","647",39.037932434365,-83.091851288506,2020,144,24,24,2,2,0.006,0.0833333333333333,8.33333333333333,0.00025
"Woodland Edge Ravine","OH","647",39.037932434365,-83.091851288506,2020,151,23,24,1,1,1.99859520052434,0.0416666666666667,4.16666666666667,0.0832748000218475
"Woodland Edge Ravine","OH","647",39.037932434365,-83.091851288506,2020,158,24,25,2,2,2.02192274423589,0.08,8,0.0808769097694357
"Woodland Edge Ravine","OH","647",39.037932434365,-83.091851288506,2020,165,24,24,66,1,5.11054224916027,2.75,4.16666666666667,0.212939260381678
"Woodland Edge Ravine","OH","647",39.037932434365,-83.091851288506,2020,172,25,25,68,3,26.1182298680838,2.72,12,1.04472919472335
"Woodland Edge Ravine","OH","647",39.037932434365,-83.091851288506,2020,193,24,24,7,5,40.0743898176058,0.291666666666667,20.8333333333333,1.66976624240024
"Woodland Edge Ravine","OH","647",39.037932434365,-83.091851288506,2020,200,21,22,5,4,15.2473269832143,0.227272727272727,18.1818181818182,0.693060317418831
