"q10","q50","w10","w50","year","HEXcell","code"
168,187,165.502497519634,188.131890875372,2019,507,"RE"
156.3,178,151.78278113424,180.096095114374,2020,507,"RE"
158,188,156.596119788422,190.654048877311,2018,507,"RL"
168,192,146.118154024614,194.284981280999,2019,507,"RL"
155,183,145.492503219368,184.969681257864,2020,507,"RL"
142,173,132.498723223151,179.544141461588,2018,507,"RP"
151.5,178.5,141.438016720879,184.939417490688,2019,507,"RP"
143.3,171,131.692537932103,177.539863820728,2020,507,"RP"
151,170.5,127.947434991611,173.227445671465,2018,534,"RE"
151,171,129.184270143543,178.832647694439,2020,534,"RE"
153.2,184,131.73231501947,191.286227387525,2017,534,"RL"
151,180,136.022434175249,188.75759520936,2018,534,"RL"
162,201,150.893749300325,206.800862750148,2019,534,"RL"
153,182,140.44429550589,192.299828418351,2020,534,"RL"
153,181,128.619114342073,191.065423017412,2017,534,"RP"
148,176,137.992280574481,186.66709439243,2018,534,"RP"
162,210,146.170713626624,205.404032532042,2019,534,"RP"
151,198,145.691579669621,196.305080334491,2020,534,"RP"
161,171,129.781281374711,187.89013689615,2017,535,"RL"
157.7,185.5,147.78471833431,188.104050880837,2018,535,"RL"
173,197,152.704480044467,204.028292723188,2019,535,"RL"
164,182,145.772813011838,190.717566716437,2020,535,"RL"
145,169,125.614452458696,174.480811861079,2020,535,"RP"
160,190,155.659750869229,192.452849091688,2018,536,"RL"
168,186,150.113798765396,187.065869260016,2019,536,"RL"
151.9,178.5,129.258605942457,182.555271906329,2020,562,"RE"
135,169,120.780541632047,175.616655964245,2012,562,"RL"
155,166,124.970339353981,173.592204703048,2014,562,"RL"
155,181,138.844450662759,200.969670638218,2016,562,"RL"
146,200,136.943408839356,202.867029909938,2017,562,"RL"
151.4,191,138.677844861176,197.125712563698,2018,562,"RL"
164,202,153.223279160403,204.818384059942,2019,562,"RL"
154,187,138.86184683936,194.509855698699,2020,562,"RL"
144.6,206.5,134.218744713463,197.642444360801,2017,562,"RP"
144,200,138.131718518217,193.200167480027,2018,562,"RP"
155.6,209,155.815167908425,205.353815656197,2019,562,"RP"
151,201,144.325137974085,198.497018387093,2020,562,"RP"
166.4,192,160.197909142803,196.774500850285,2019,563,"RE"
162.4,202,178.438736807671,200.218205713033,2020,563,"RE"
155,188,151.008750252244,190.453314320287,2017,563,"RL"
160,192.5,154.440950769504,198.938482557906,2018,563,"RL"
166,198,153.201666492628,202.170017115671,2019,563,"RL"
165.6,198,157.878550279216,197.973314443105,2020,563,"RL"
146,187,139.663292638145,195.909589411274,2019,563,"RP"
158,180.5,152.247730594723,184.462524911012,2020,564,"RE"
162.5,183,137.373992390025,194.05982302918,2017,564,"RL"
163,190,153.897262769036,194.493259266584,2018,564,"RL"
177,202,167.963947667828,205.532781017484,2019,564,"RL"
161,188,152.56982098617,192.986232876086,2020,564,"RL"
147.5,166,131.538262382992,173.344831504256,2020,564,"RP"
170.6,188,163.732498966732,194.431307141862,2019,565,"RE"
165.6,183,150.595874716783,188.005882207044,2020,565,"RE"
161,183,147.864644956096,191.332980617343,2018,565,"RL"
169,190,157.716716709984,197.794825241674,2019,565,"RL"
165,187,150.076367764001,194.341508343027,2020,565,"RL"
153,169,119.489267987969,173.070105826386,2018,565,"RP"
155.8,177.5,137.427619115945,178.218801159565,2019,565,"RP"
145.3,172,133.395109041078,175.253822079752,2020,565,"RP"
169.9,184,159.473234288894,187.10375903071,2019,566,"RE"
158,170,150.319125322745,175.455375735491,2020,566,"RE"
160.6,214,159.50419197135,207.518523229525,2015,566,"RL"
149,178,131.279945004287,186.645217982473,2016,566,"RL"
162,184.5,139.23310608392,196.336752345526,2017,566,"RL"
158,189,144.759838518866,196.557566612175,2018,566,"RL"
172,200,158.859099889162,207.856335701258,2019,566,"RL"
158,183,143.421114068904,188.457665293177,2020,566,"RL"
139,162,113.293473267957,172.002669548342,2016,566,"RP"
131.9,164.5,116.509543079117,176.987486072183,2017,566,"RP"
137,188,133.246535492688,190.68336919858,2018,566,"RP"
153.4,197,144.519581785607,200.683508509161,2019,566,"RP"
144,170,129.220731094558,177.849035325861,2020,566,"RP"
163,175.5,146.103906980272,177.892296058792,2017,567,"RE"
167,181,159.806009390064,183.280459480268,2019,567,"RE"
158,177,148.120621319847,179.994901140426,2020,567,"RE"
153,193,135.432509505859,197.449695070919,2013,567,"RL"
157.8,199,146.559982000048,201.138291350213,2014,567,"RL"
154,171,130.965499840172,189.358331635726,2015,567,"RL"
155,193,142.80971477279,202.515935617058,2016,567,"RL"
163,188,140.230125335029,198.77492710264,2017,567,"RL"
160,199,150.541193718802,203.147466310156,2018,567,"RL"
168,203,155.8745749764,209.735020973777,2019,567,"RL"
160,191,146.278257415325,201.221993405409,2020,567,"RL"
152.5,165,123.108466768788,185.245302832706,2013,567,"RP"
142.6,170,121.696364264169,183.793908338808,2014,567,"RP"
149.9,168,125.913700297888,180.053610517785,2015,567,"RP"
144,177,127.105096848717,187.554561578841,2016,567,"RP"
141,173,123.751790418474,181.731454394284,2017,567,"RP"
141,194,136.34780182164,193.56824691089,2018,567,"RP"
146,188,134.870156158532,195.366446293668,2019,567,"RP"
145.9,180,132.129256748553,186.950819067086,2020,567,"RP"
160,186,148.481065062408,187.914217508974,2013,568,"RL"
168,191,149.002737283081,206.482373850803,2015,568,"RL"
154,183,143.99502871597,191.729634027077,2016,568,"RL"
172,204,148.467036826143,205.558538990007,2017,568,"RL"
163,199,156.385320306995,200.006344680309,2018,568,"RL"
176.6,207.5,167.899563190942,215.074690049734,2019,568,"RL"
165,193,154.816718780403,197.745875576004,2020,568,"RL"
159.3,196,146.337403571817,201.912884971407,2019,568,"RP"
152.8,193,141.65159013906,194.016240535083,2020,568,"RP"
167.5,223,167.958813040003,221.290673239136,2018,589,"RL"
175,221.5,170.964485341882,221.518447236412,2019,589,"RL"
158.3,210.5,151.090101646625,212.419884907913,2020,589,"RL"
172.4,226,178.108466306081,226.700955744139,2018,589,"RP"
163.8,229,161.984036188775,223.092712894281,2019,589,"RP"
149.9,208.5,146.694182642637,203.022431220057,2020,589,"RP"
162.6,182,160.586377755943,183.970030057396,2020,590,"RE"
165.7,209,153.743797146316,211.790785663029,2016,590,"RL"
156,193.5,143.191373381253,196.132488064289,2017,590,"RL"
162,210,161.00280315351,210.259713468483,2018,590,"RL"
165.5,213,162.385209756081,213.599778221165,2019,590,"RL"
157.3,194,149.000725754465,198.057209550389,2020,590,"RL"
149.7,210.5,147.84490803467,204.607592551428,2016,590,"RP"
135,193,129.777613180124,191.601891971971,2017,590,"RP"
159,215,161.680208005281,212.670013446558,2018,590,"RP"
156,216,161.906663393911,214.058646269557,2019,590,"RP"
152.2,202,150.50518687099,200.500637117413,2020,590,"RP"
162,193.5,145.143254078895,199.970303577708,2020,591,"RE"
158,224,168.025370284667,219.405176930474,2016,591,"RL"
182,211,163.770076939606,216.818677197889,2017,591,"RL"
158,195.5,149.661096596246,202.720640732957,2018,591,"RL"
165,209,158.569280099342,209.71382951555,2019,591,"RL"
163,198,152.740352229177,204.104696930875,2020,591,"RL"
156.2,221.5,167.282895311107,216.228061110423,2016,591,"RP"
149,213.5,158.026252451885,215.772392594475,2017,591,"RP"
147.1,199,148.163438839281,198.420053421096,2018,591,"RP"
170.5,221,174.764832275672,219.50827758544,2019,591,"RP"
157,208,156.037167008317,207.883290271449,2020,591,"RP"
159.6,182.5,139.182985596437,198.771223097311,2018,592,"RE"
165,193,158.673010100324,198.73832344872,2019,592,"RE"
166.9,189,150.514655382668,196.660314081784,2020,592,"RE"
162,192,148.82359534623,203.812042891404,2016,592,"RL"
149.1,178,129.141650607753,185.291963272276,2017,592,"RL"
161,197.5,148.314749538321,205.560748982598,2018,592,"RL"
163,205,155.397922121533,208.096283189583,2019,592,"RL"
164,201,155.03480880801,205.422646293165,2020,592,"RL"
144.4,166,123.088537855656,180.685175159842,2017,592,"RP"
150.9,188,135.185336324306,197.953191076306,2018,592,"RP"
146.9,205,144.742943034458,200.595978320942,2019,592,"RP"
150.8,196,145.270445900484,199.0104002864,2020,592,"RP"
161,185,152.144572488331,185.999313075927,2014,593,"RE"
154,177,146.382143257054,176.785037768326,2015,593,"RE"
156,180,154.208131474915,182.455229363414,2016,593,"RE"
158,176,146.045910448615,179.370428664691,2017,593,"RE"
152.5,173,144.067235804085,175.981116690323,2018,593,"RE"
163,184,157.232777536838,188.257159630363,2019,593,"RE"
156,177,149.67724085046,179.553092401903,2020,593,"RE"
147,162,123.837958043895,176.976733026127,2010,593,"RL"
160,182,134.73337939074,197.417969622748,2011,593,"RL"
142,169,121.073397899545,182.999116173066,2012,593,"RL"
150.7,189.5,139.018491651432,197.283936884635,2013,593,"RL"
155,190,142.224295868451,196.87772894099,2014,593,"RL"
149,180,127.57788073971,186.982031386189,2015,593,"RL"
154.2,188,135.268996878687,196.876572888639,2016,593,"RL"
156,190,142.075541922388,199.249239838654,2017,593,"RL"
152,188,139.522463053119,196.450440355016,2018,593,"RL"
163,196,152.904769634582,202.52195187195,2019,593,"RL"
156,185,142.123835226229,191.861103171536,2020,593,"RL"
126,157,108.656048830727,169.249152906749,2012,593,"RP"
140,169,121.145158224558,181.035383128336,2013,593,"RP"
137,166,120.918149815874,175.203443399852,2014,593,"RP"
136.4,164,122.371993328315,170.704616298835,2015,593,"RP"
148,174,129.026344748749,185.324364307742,2016,593,"RP"
142.4,177,130.626050779523,187.335074783966,2017,593,"RP"
141,181,130.590968059764,187.78625654726,2018,593,"RP"
153.2,195,145.894468076518,198.711556089283,2019,593,"RP"
147,182,137.292510540588,188.06309352783,2020,593,"RP"
161,183,159.262200613719,182.710669126838,2019,594,"RE"
158,177,152.607003266033,178.224032408965,2020,594,"RE"
162,184,158.348349152467,187.837343226136,2005,594,"RL"
150,163,133.283390097488,162.496014137191,2008,594,"RL"
162.4,198,150.218595188595,204.77121462546,2013,594,"RL"
152,179.5,131.196245978233,189.617642464833,2014,594,"RL"
152.5,193,136.865108368432,198.920319137013,2015,594,"RL"
152,184,138.135149353237,196.88100136412,2016,594,"RL"
160,202,146.573752913582,209.845572408286,2017,594,"RL"
157.6,194,146.374527148164,201.93391122963,2018,594,"RL"
162,196,151.22433850218,200.941645021287,2019,594,"RL"
158,186,144.380102943086,192.220095096083,2020,594,"RL"
157.3,212.5,154.308013771115,213.393795180995,2013,594,"RP"
139,168,121.365645665137,181.403701266734,2014,594,"RP"
142.4,183.5,124.728347500028,188.084618618612,2015,594,"RP"
139,179,130.873408807557,183.827329219828,2016,594,"RP"
148,197,138.72729291993,199.93817586502,2017,594,"RP"
140.4,180,133.483045228634,185.717211819686,2018,594,"RP"
152,200,148.222851810765,201.501172464688,2019,594,"RP"
150,180,136.232982172724,185.975201969201,2020,594,"RP"
162.2,185,150.91792364105,195.002315434242,2013,595,"RE"
161,183,144.627140876437,187.697460081617,2014,595,"RE"
156.4,178,153.728486741348,180.086440392926,2016,595,"RE"
166,183,152.932755694751,185.9478309304,2017,595,"RE"
160,177,143.320033611343,179.116332502508,2018,595,"RE"
161.4,187,159.630611234587,188.988487504184,2019,595,"RE"
155.7,182,146.243092324608,186.687457453675,2020,595,"RE"
165,206.5,158.7049784274,206.607937802427,2011,595,"RL"
156,201,151.325507986097,202.795338764368,2013,595,"RL"
161,198,151.046614381385,202.960720020852,2014,595,"RL"
154,190,139.640890233242,196.125346633717,2015,595,"RL"
151.6,193,140.668089856756,200.111059002627,2016,595,"RL"
165.4,201,151.617258018113,206.579909202436,2017,595,"RL"
160,206,155.301740958562,208.714697529868,2018,595,"RL"
163,214,161.728432746651,216.376201507652,2019,595,"RL"
154,196,147.942316125286,200.086131000699,2020,595,"RL"
139.2,197,139.796615176441,197.463104533911,2013,595,"RP"
149,193,139.028517833873,195.607898609674,2014,595,"RP"
137.6,181,129.101820118534,185.628394600215,2015,595,"RP"
132.4,182,123.986030235218,185.953527874305,2016,595,"RP"
128.9,191,130.735431343974,195.347819482685,2017,595,"RP"
131.8,196,134.039805665173,197.542574215506,2018,595,"RP"
143.1,205,142.979738504562,204.052083257852,2019,595,"RP"
137,186,129.32913701104,188.179649434783,2020,595,"RP"
128.3,209,143.192871599146,211.182664852289,2018,616,"RL"
173.8,240,182.850700337047,233.754558767963,2019,616,"RL"
152,207,145.673637782804,206.117886009138,2020,616,"RL"
129,209,147.434855781962,213.246402484499,2018,616,"RP"
146.1,224.5,154.950844931383,218.947348966369,2019,616,"RP"
123,199,137.764040338016,197.685203936709,2020,616,"RP"
140.2,200,136.213047825246,205.185831077359,2016,617,"RL"
134.2,207,135.279008508581,199.759031233467,2017,617,"RL"
151.4,205,151.138645549173,207.653943570874,2018,617,"RL"
159,223,158.681377257811,221.843817007895,2019,617,"RL"
152,206,145.7323812987,207.626473805044,2020,617,"RL"
125,207,132.008697591546,203.602561291628,2016,617,"RP"
113,206,136.219488815904,196.756994953815,2017,617,"RP"
152.8,206,147.663331793396,212.856982554575,2018,617,"RP"
154,212.5,151.966232334446,214.999367058872,2019,617,"RP"
119,199.5,128.617653179699,194.229001300608,2020,617,"RP"
153.1,198.5,142.164875558385,200.217195127199,2018,618,"RE"
160,213,153.627984525381,214.218624590327,2019,618,"RE"
151,183,147.048579823901,192.719151901128,2020,618,"RE"
160,225.5,174.833951925196,223.01785328311,2013,618,"RL"
172,208.5,162.277411787615,212.158779299913,2014,618,"RL"
146,209,148.004314504182,207.034167306553,2015,618,"RL"
166,229,168.754607022128,229.102566237563,2016,618,"RL"
157,217,163.3530402,217.667180799547,2017,618,"RL"
154,217,157.281573151696,214.487805114106,2018,618,"RL"
162.5,229,172.81400430497,229.367797435812,2019,618,"RL"
150,199,143.815860234377,198.67306319603,2020,618,"RL"
179.6,214,170.291674535873,215.42666856583,2014,618,"RP"
150,211,148.614540124564,206.353916986786,2015,618,"RP"
157.6,218,153.073605541221,214.784457085772,2016,618,"RP"
150,213,144.921158070296,208.452180110695,2017,618,"RP"
154,212,156.691859863197,212.68100410578,2018,618,"RP"
161,219,163.16137724816,222.020469688275,2019,618,"RP"
151,202,145.592140334261,200.376220946286,2020,618,"RP"
164.6,196.5,150.435957307401,209.709322210292,2018,619,"RE"
169.1,199.5,154.843872360064,212.995915245738,2019,619,"RE"
163,206,155.173948216021,213.314372458494,2020,619,"RE"
187,232,191.907376885761,229.370892792576,2012,619,"RL"
151,197,151.791287008707,204.109252656607,2014,619,"RL"
158,209,150.428633554962,213.63717311524,2015,619,"RL"
164.6,222.5,155.557864372417,219.069133671263,2016,619,"RL"
149,197,140.808157312881,202.900430273968,2017,619,"RL"
157,213,157.76620187113,215.345501961731,2018,619,"RL"
168,224,167.799980247403,223.190615651988,2019,619,"RL"
160,221,165.221859992802,220.757290552878,2020,619,"RL"
135,231,148.486257558279,211.204618888138,2012,619,"RP"
148.4,213,149.02119177463,211.092876295212,2015,619,"RP"
152,210,141.772788268911,210.621182627054,2016,619,"RP"
142,203,144.249496468365,200.175521518022,2017,619,"RP"
154.7,209.5,153.700674362775,212.719932243254,2018,619,"RP"
159,219,163.992573115829,219.148621932093,2019,619,"RP"
153.7,218,156.293650573997,214.686484141874,2020,619,"RP"
149,169.5,124.769080686578,184.819719426673,2012,620,"RE"
154.6,193.5,140.471187323305,200.908760040323,2016,620,"RE"
154,197,155.668801856419,196.870761793629,2017,620,"RE"
153.4,187,136.871280029009,199.404179354952,2018,620,"RE"
155,199,150.520006494679,201.217976723656,2019,620,"RE"
155,194,150.164637779222,198.422134397713,2020,620,"RE"
151,192,139.557457590308,199.920197094048,2010,620,"RL"
155.3,206,154.069983072253,209.395837373932,2011,620,"RL"
140,190,132.566943468887,192.958206484138,2012,620,"RL"
151.3,212,153.552865183151,206.77779505147,2013,620,"RL"
155,192,147.048717746236,199.104325246411,2014,620,"RL"
150,192,142.801256044503,198.691465332264,2015,620,"RL"
146.4,211,145.824154660428,208.271864273144,2016,620,"RL"
151,206,148.116191917506,204.643098438113,2017,620,"RL"
153,207.5,146.541020409249,209.113475247504,2018,620,"RL"
155,213,153.771478950187,210.657876792968,2019,620,"RL"
155,207,153.705529592213,206.038864578276,2020,620,"RL"
133,192,129.533813342725,189.134765711493,2012,620,"RP"
137.4,202,137.729407249983,194.681129821512,2013,620,"RP"
155,207,144.962214351266,198.546988715214,2014,620,"RP"
145,206,142.879197202996,199.061437933368,2015,620,"RP"
141.4,207,142.324521671715,202.849765183176,2016,620,"RP"
141,198,136.534512670715,194.248256044877,2017,620,"RP"
150,206,142.640292218858,205.120868999047,2018,620,"RP"
151,210,147.216952479002,206.805334987087,2019,620,"RP"
152,207,150.362416240238,203.742039013004,2020,620,"RP"
154,187.5,144.958058315867,192.340236591844,2020,621,"RE"
167,211,159.272483699477,226.114226166344,2016,621,"RL"
164.8,209,153.786296002504,211.607696221699,2017,621,"RL"
162,210,160.191514330877,212.722406688681,2018,621,"RL"
164,217,163.491798768332,219.53120952563,2019,621,"RL"
154,202,151.186478798554,202.828438676924,2020,621,"RL"
148.4,209,147.17812172861,202.545320595326,2017,621,"RP"
159,201.5,152.477741713475,206.646274580753,2018,621,"RP"
154,215,154.44137954163,214.593599111213,2019,621,"RP"
151.5,206,150.279928789561,204.056760979369,2020,621,"RP"
148,185,138.081972242107,197.066310916976,2017,622,"RE"
151.6,217,154.735563799142,206.847022274764,2018,622,"RE"
156,221,162.58952172081,212.358580394552,2019,622,"RE"
152,191,146.244820963528,196.886191300614,2020,622,"RE"
156,204,148.473606650403,203.905983026275,2011,622,"RL"
140,188,131.146534346716,188.690794987878,2012,622,"RL"
159,210,155.079596157503,206.60488526733,2013,622,"RL"
145.9,186,128.240711450733,194.033657159495,2014,622,"RL"
146,190,140.513555361562,193.975785751863,2015,622,"RL"
155,216,151.709343612866,211.950138260196,2016,622,"RL"
148,199.5,143.477247832371,204.356340120703,2017,622,"RL"
151,217,154.130477351129,211.417424627825,2018,622,"RL"
154,222,161.222807237948,216.63090556332,2019,622,"RL"
151,195,146.078296784523,199.715453697656,2020,622,"RL"
159,217,156.56768019494,207.349069590083,2013,622,"RP"
134,186,128.935603361208,191.544382831488,2014,622,"RP"
135.1,186.5,131.434688618421,193.094401846609,2015,622,"RP"
140.2,215,149.590166202249,210.526671393736,2016,622,"RP"
129.9,198,132.075117784959,196.911153702186,2017,622,"RP"
149,210,147.577288877866,207.709724731378,2018,622,"RP"
152,216,154.782797096211,214.263078634474,2019,622,"RP"
148,199,144.017573446759,199.594687837419,2020,622,"RP"
126,198,122.873999093351,194.216571694437,2017,644,"RL"
145.1,194,129.532803985278,198.083469229593,2018,644,"RL"
149,211,141.860117914727,208.972203114495,2019,644,"RL"
148.1,202,142.651849457921,203.015109114114,2020,644,"RL"
111.5,198,125.591174449173,187.202487342879,2017,644,"RP"
126,186,118.749894815475,190.465580902726,2018,644,"RP"
121.6,192,121.603279083685,193.298586011308,2019,644,"RP"
108,192.5,118.973187321883,184.275938688157,2020,644,"RP"
116.4,240,156.268318281646,224.693973530165,2016,645,"RL"
149,208.5,143.159938031177,207.236258918234,2017,645,"RL"
154.8,228,157.903873156226,222.268983314554,2018,645,"RL"
125.4,219,150.572281585037,217.765419165645,2019,645,"RL"
150,211,150.882089393768,211.671883421682,2020,645,"RL"
110,214,136.266087180335,208.053628235003,2016,645,"RP"
131.5,211,140.046378146026,204.178985013376,2017,645,"RP"
132,211,130.198975489796,209.857842535033,2018,645,"RP"
117,208,136.426167431868,202.932979490564,2019,645,"RP"
140,204,143.009937185936,201.058968553211,2020,645,"RP"
148,221,157.804712957294,218.23031176279,2018,646,"RE"
144.7,207,141.396066565963,205.962847497109,2019,646,"RE"
155,222,160.466467117968,218.43444146323,2020,646,"RE"
210.4,236,200.562071397263,237.26191334767,2006,646,"RL"
142,192.5,133.311475045037,203.361397697428,2014,646,"RL"
155,200,146.326753637772,205.594519736017,2015,646,"RL"
127,211.5,129.847732247808,208.094008696678,2016,646,"RL"
130,208,131.367107811696,201.560023814437,2017,646,"RL"
148,217,153.838380366587,215.646296779548,2018,646,"RL"
145,218,151.35266391094,215.409601775889,2019,646,"RL"
151.3,221,157.063834570699,217.515334710943,2020,646,"RL"
124.4,204,131.771978515729,201.098691416612,2015,646,"RP"
120,213,129.63963940406,205.871137467537,2016,646,"RP"
127.2,211,136.011916916057,203.286002541414,2017,646,"RP"
152,212.5,154.678367110458,213.451462831865,2018,646,"RP"
145.8,210,147.432878278887,211.705560370054,2019,646,"RP"
149,219,151.890528862435,214.229595664883,2020,646,"RP"
161,222,161.849436915778,217.138652303196,2018,647,"RE"
165,223,161.554471790998,228.365410054728,2019,647,"RE"
153.3,221,162.083523376894,217.178222754778,2020,647,"RE"
131,194,130.742111136457,194.941442840503,2013,647,"RL"
141,194,140.896150581072,199.191074945294,2014,647,"RL"
133.5,185,118.137609849589,184.519450341874,2015,647,"RL"
145,219,144.801611015051,216.383937337379,2016,647,"RL"
133,196,128.572285138463,194.643414892284,2017,647,"RL"
157.2,215,158.747230304562,213.995837408502,2018,647,"RL"
166,236,175.012016939853,236.846150085396,2019,647,"RL"
153,222,162.024487785143,218.678583260747,2020,647,"RL"
129,173.5,113.257176480246,179.768197765622,2015,647,"RP"
144,220.5,146.304297211161,214.71248437091,2016,647,"RP"
108.5,185,110.079033762018,177.396322661741,2017,647,"RP"
152,212,152.608327503878,212.397090125362,2018,647,"RP"
152,222,156.913621509037,224.122877872856,2019,647,"RP"
152,219,158.014288200144,215.540133154967,2020,647,"RP"
140,183,119.683664583538,194.597740140806,2017,648,"RE"
151,210,139.421016013228,209.105816465477,2018,648,"RE"
147.6,213.5,143.487606703776,204.686135291182,2019,648,"RE"
150,216,153.81364114708,205.734433423072,2020,648,"RE"
184,225,172.91281711955,219.607570067507,2009,648,"RL"
142,184,139.208985548438,190.206957216427,2010,648,"RL"
155,225,155.618615569243,214.376060420146,2011,648,"RL"
146,222,151.785876900633,214.254859976263,2013,648,"RL"
144,165,124.566144085666,177.612752865486,2014,648,"RL"
136,181,116.162110435982,188.323687038948,2015,648,"RL"
148,216,141.255395648292,218.812887469775,2016,648,"RL"
139.6,190,129.317940421901,199.07775081703,2017,648,"RL"
151.3,212,147.894477808061,212.266501359479,2018,648,"RL"
146,213,144.657469066863,207.728138003316,2019,648,"RL"
144,214,146.217436768939,204.976002401859,2020,648,"RL"
145.5,209,146.519060659065,205.088978413683,2013,648,"RP"
131,160,118.452898518944,172.830399492747,2014,648,"RP"
129.6,185,117.432195591098,186.025244274112,2015,648,"RP"
119.6,205,123.437485100546,203.858676553713,2016,648,"RP"
122.2,185,117.396369902176,189.508077252413,2017,648,"RP"
125,209,134.799376922311,203.483189842722,2018,648,"RP"
139,207,139.656714858578,203.886826181038,2019,648,"RP"
142,209.5,143.023874968286,203.619491754646,2020,648,"RP"
151,218.5,156.450148525745,213.85884094398,2013,649,"RE"
145,220,152.43126800427,214.847166098834,2015,649,"RE"
153.5,227,158.981960397706,227.032602876661,2016,649,"RE"
148,216,146.973534392286,206.204939604273,2017,649,"RE"
153,221.5,162.465737584666,215.477624619957,2018,649,"RE"
145,217,151.147934370905,210.378455699429,2019,649,"RE"
150,216,151.67991648985,204.617698883043,2020,649,"RE"
174,199,164.714286553927,201.377484619331,2007,649,"RL"
192.2,220,182.700615233408,219.837735358599,2009,649,"RL"
160.5,193.5,150.08392903986,205.457840899004,2010,649,"RL"
138,183,121.780497459369,197.711689401553,2011,649,"RL"
125,216,142.509766367407,205.664812765625,2012,649,"RL"
150,220,156.989232538988,214.440909397932,2013,649,"RL"
140,212,148.908462082646,204.481001777134,2014,649,"RL"
142,218,141.302424772835,211.224705798532,2015,649,"RL"
149,221,149.079973204951,220.034066984834,2016,649,"RL"
144,214,143.755062585169,207.60445041015,2017,649,"RL"
149,219.5,154.964101789363,214.435468137288,2018,649,"RL"
145,216,149.386948155368,211.607480040661,2019,649,"RL"
146,211,143.217501341332,203.092570541535,2020,649,"RL"
190,220,172.624243697176,219.167243393167,2009,649,"RP"
125,222,153.627110639331,210.429987684703,2012,649,"RP"
149.4,216,149.54618210298,209.512454754176,2013,649,"RP"
140,210,149.896634374261,202.328323471273,2014,649,"RP"
120,213,128.095783964239,199.609147392634,2015,649,"RP"
133,217,139.189973725426,211.750210463205,2016,649,"RP"
136,209,135.429472472875,202.704225102359,2017,649,"RP"
145,214,145.03948567605,207.963465570405,2018,649,"RP"
142,209,144.137265483505,207.218644610323,2019,649,"RP"
142,205,138.527945090978,199.915621479511,2020,649,"RP"
98.8,202,103.897981084888,189.131483399265,2016,672,"RL"
88,245,120.217908852001,208.447649266778,2017,672,"RL"
121,211.5,137.885828572545,208.933978221465,2018,672,"RL"
125.4,208,128.406189699861,209.154963157918,2019,672,"RL"
109,195,125.899671606576,196.310723162521,2020,672,"RL"
88,244,113.044835733011,203.582430779645,2017,672,"RP"
111,200,124.332089351679,199.147372777764,2018,672,"RP"
110,190,109.589054701204,192.523630271531,2019,672,"RP"
106,204,126.245170645538,194.747844554329,2020,672,"RP"
142.8,216,152.529640634988,209.538278820552,2020,673,"RE"
153.1,227.5,167.034699674353,221.580245779502,2016,673,"RL"
133,195,133.942689216313,194.118659530376,2017,673,"RL"
139,207,147.739962754407,205.196807409299,2018,673,"RL"
133,211,146.544300340197,206.433747185845,2019,673,"RL"
149.6,226,160.102978952778,217.595701106208,2020,673,"RL"
105.6,196.5,120.167580350946,189.750629469344,2017,673,"RP"
139,207,145.688019411888,202.463932343933,2018,673,"RP"
125,205,133.98735855773,199.280394886839,2019,673,"RP"
122.4,218,145.535398759183,209.764077895576,2020,673,"RP"
121.4,220,140.71492882174,214.543870933914,2016,674,"RL"
149.4,213.5,143.652455291008,212.532062363473,2017,674,"RL"
147.2,217,148.870818716972,209.981926167012,2018,674,"RL"
140,207,142.085445629671,205.018855791658,2019,674,"RL"
138,218.5,149.840309131113,210.593835937636,2020,674,"RL"
130.8,199,119.936414644613,196.053373822832,2017,674,"RP"
126.6,213.5,150.211088476856,204.855988027537,2018,674,"RP"
118.2,197,120.477952339644,189.206274490474,2019,674,"RP"
100,202,116.463497965926,186.572566936071,2020,674,"RP"
145,199,138.739246462079,196.253618510701,2017,675,"RL"
156.1,196.5,145.708306827903,202.139579299109,2018,675,"RL"
140,203.5,140.044874166805,201.344956004635,2019,675,"RL"
138,209,138.705028724971,203.01981121234,2020,675,"RL"
150.8,206,152.761811297118,201.098819349872,2017,675,"RP"
144.2,196,137.89299349584,192.03667517873,2018,675,"RP"
134.6,199,133.189314634138,195.36927003469,2019,675,"RP"
116,199.5,123.837504069635,192.034451610364,2020,675,"RP"
136,218,139.46734987722,204.457213838977,2015,676,"RE"
137,220,132.290446377728,213.904580988994,2016,676,"RE"
123,203,118.751911045518,189.670322352231,2017,676,"RE"
146,225,151.833355292764,223.560177523389,2018,676,"RE"
141.9,217,141.872113682955,215.682814962986,2019,676,"RE"
146,215,143.238523274396,202.21957754562,2020,676,"RE"
138,217,143.130043185383,214.370737428351,2012,676,"RL"
149,200,134.364627597261,209.115824812752,2013,676,"RL"
150,219,151.74115286678,207.217899797942,2014,676,"RL"
136,213,144.555368908144,207.26146504405,2015,676,"RL"
128,223,141.705306873507,218.965936979298,2016,676,"RL"
122,199,120.001780567506,192.210566159663,2017,676,"RL"
144,225,148.584522003344,222.339488407102,2018,676,"RL"
136,213,137.322267411769,211.739133212786,2019,676,"RL"
137,212,137.838220419137,203.730638151741,2020,676,"RL"
124.6,217,135.905630467672,209.901278296055,2012,676,"RP"
136,201,128.095097668708,199.850995035398,2013,676,"RP"
110,197,118.816528103594,186.187796962744,2014,676,"RP"
134,201,133.723581138047,199.037693204879,2015,676,"RP"
112.9,215,127.459573083388,204.713883283448,2016,676,"RP"
109,189,111.89728183246,185.330180929517,2017,676,"RP"
139.3,221,141.797450441362,216.436289272227,2018,676,"RP"
131,205,132.604143429951,205.321294637658,2019,676,"RP"
124,205,130.645827370238,197.937017234224,2020,676,"RP"
122,198,117.150129075248,190.66652632714,2017,702,"RE"
132.4,155,109.303428603078,176.831417613175,2018,702,"RE"
130.4,208,125.042246078248,202.957213113386,2019,702,"RE"
123.7,192,121.63130623652,190.232016786639,2020,702,"RE"
136.3,183,121.81914215406,193.996270180261,2014,702,"RL"
118,187,117.618685010759,190.473363543849,2015,702,"RL"
123,184,110.557428710652,193.882203256407,2016,702,"RL"
108.8,196,113.786694196165,187.612058463668,2017,702,"RL"
128,185.5,123.390476581268,190.767816779204,2018,702,"RL"
120,206,126.082685175885,201.599262223824,2019,702,"RL"
124,212,132.103395448895,201.746813002166,2020,702,"RL"
126,198,123.893123911867,193.407801693544,2014,702,"RP"
108.4,205,128.734149245277,193.004488009617,2015,702,"RP"
115.3,210,116.684756842884,199.839752105039,2016,702,"RP"
94,196,102.522390903783,177.94936751372,2017,702,"RP"
122,197,122.173656819055,189.979887795977,2018,702,"RP"
116,202,121.583752042554,196.226416267181,2019,702,"RP"
112,204,121.049789292355,193.564832131035,2020,702,"RP"
119,227,140.473878873433,224.372585954456,2016,703,"RE"
102.5,175.5,91.2029212774625,175.456580248629,2017,703,"RE"
119,221,127.831445821975,208.74856571018,2019,703,"RE"
117,165,104.728425297456,181.962236400235,2020,703,"RE"
146,221,150.695341382539,217.022554974738,2015,703,"RL"
119.9,227.5,141.325522208405,220.068059799263,2016,703,"RL"
101,195,100.706661309575,181.959333719558,2017,703,"RL"
118.8,215,125.27303870111,202.31302089509,2018,703,"RL"
121,215,129.20867432314,206.734715889992,2019,703,"RL"
116,211,118.591721964065,195.318384896604,2020,703,"RL"
146,217,156.099118062607,207.849775056718,2015,703,"RP"
114,218,125.78006748307,205.819378888381,2016,703,"RP"
98.7,201,103.005160110582,184.567479564394,2017,703,"RP"
120,207,116.996175934707,194.727737187231,2018,703,"RP"
119,205,125.171178872078,200.165841113094,2019,703,"RP"
112,209,119.513509075465,194.809179216331,2020,703,"RP"
122.4,233,144.414867522198,217.988202953671,2020,733,"RL"
120,234,155.57278509223,219.771925120201,2020,733,"RP"
159.2,193,155.413000711918,198.249507322808,2020,736,"RE"
158,214,150.951114651911,209.454824244575,2017,736,"RL"
150,194,137.58040251979,196.8431450796,2018,736,"RL"
171,221,167.32591389117,218.52302146638,2019,736,"RL"
142,195,141.599497640161,195.750590507506,2020,736,"RL"
114,211,122.395859917892,194.271289500235,2017,736,"RP"
125.4,190,121.793143553385,191.523272813653,2018,736,"RP"
154.2,214,161.374189306648,214.056793096127,2019,736,"RP"
129,200,135.707722282537,196.391025829338,2020,736,"RP"
165.2,181,151.870074350052,186.245237783002,2020,739,"RE"
153,172,133.170020579285,181.898866094007,2012,739,"RL"
175.3,194,157.530788352565,200.043444001562,2015,739,"RL"
168.3,204,151.835246409462,204.397430117087,2017,739,"RL"
166,189,147.416155994156,202.031003991158,2018,739,"RL"
171,208,162.335127867871,212.302360510207,2019,739,"RL"
165.7,185.5,148.087231124072,195.871039346463,2020,739,"RL"
148,170,126.406646521349,176.938090487875,2017,739,"RP"
151,181,133.113385318303,187.265548431937,2018,739,"RP"
151.4,187,129.935383555051,196.05468401136,2019,739,"RP"
139,173,126.671519365307,176.189025943095,2020,739,"RP"
